VIDEO,ANIMAL,BODY-PART,MEASURE,VALUE
Test_rat09,Animal_1,Nose,Distance (cm),1493.605544774071
Test_rat09,Animal_1,Nose,Velocity (cm/s),17.143331121638454
04Training_rat18,Animal_1,Nose,Distance (cm),747.8988594913022
04Training_rat18,Animal_1,Nose,Velocity (cm/s),23.48592978999678
04Training_rat30,Animal_1,Nose,Distance (cm),155.8362829997165
04Training_rat30,Animal_1,Nose,Velocity (cm/s),26.44564892105228
05Training_rat22,Animal_1,Nose,Distance (cm),2358.056891294562
05Training_rat22,Animal_1,Nose,Velocity (cm/s),13.16328429298062
Test_rat21,Animal_1,Nose,Distance (cm),1626.045269708563
Test_rat21,Animal_1,Nose,Velocity (cm/s),18.604611337815605
04Training_rat24,Animal_1,Nose,Distance (cm),147.10916176611676
04Training_rat24,Animal_1,Nose,Velocity (cm/s),33.47750950998408
01Training_rat27,Animal_1,Nose,Distance (cm),2899.322041646464
01Training_rat27,Animal_1,Nose,Velocity (cm/s),16.118509257419618
10Training_rat13,Animal_1,Nose,Distance (cm),234.96259060266138
10Training_rat13,Animal_1,Nose,Velocity (cm/s),33.56608437180877
10Training_rat07,Animal_1,Nose,Distance (cm),193.15415853891992
10Training_rat07,Animal_1,Nose,Velocity (cm/s),47.028545790126756
09Training_rat05,Animal_1,Nose,Distance (cm),280.27503948666356
09Training_rat05,Animal_1,Nose,Velocity (cm/s),22.005392848353953
08Training_rat03,Animal_1,Nose,Distance (cm),421.82937195914855
08Training_rat03,Animal_1,Nose,Velocity (cm/s),16.70112743760668
08Training_rat17,Animal_1,Nose,Distance (cm),2937.7071625832805
08Training_rat17,Animal_1,Nose,Velocity (cm/s),17.349139605153745
09Training_rat11,Animal_1,Nose,Distance (cm),2890.6393358623704
09Training_rat11,Animal_1,Nose,Velocity (cm/s),16.25122461564041
08Training_rat16,Animal_1,Nose,Distance (cm),2722.028976665084
08Training_rat16,Animal_1,Nose,Velocity (cm/s),15.14814050713773
09Training_rat10,Animal_1,Nose,Distance (cm),2303.391925908885
09Training_rat10,Animal_1,Nose,Velocity (cm/s),13.177823375240962
09Training_rat04,Animal_1,Nose,Distance (cm),556.2172507023155
09Training_rat04,Animal_1,Nose,Velocity (cm/s),12.676839728236287
08Training_rat02,Animal_1,Nose,Distance (cm),146.52328876795258
08Training_rat02,Animal_1,Nose,Velocity (cm/s),20.931898395421797
10Training_rat06,Animal_1,Nose,Distance (cm),1279.7756300914332
10Training_rat06,Animal_1,Nose,Velocity (cm/s),17.153375130459438
10Training_rat12,Animal_1,Nose,Distance (cm),1028.9361646210841
10Training_rat12,Animal_1,Nose,Velocity (cm/s),20.59440302155909
01Training_rat26,Animal_1,Nose,Distance (cm),966.2093035699065
01Training_rat26,Animal_1,Nose,Velocity (cm/s),19.07767871046298
01Training_rat32,Animal_1,Nose,Distance (cm),1826.562819537842
01Training_rat32,Animal_1,Nose,Velocity (cm/s),15.021471710618165
05Training_rat23,Animal_1,Nose,Distance (cm),627.065164613552
05Training_rat23,Animal_1,Nose,Velocity (cm/s),20.902172153785063
04Training_rat25,Animal_1,Nose,Distance (cm),935.3771381163511
04Training_rat25,Animal_1,Nose,Velocity (cm/s),32.39790266077006
Test_rat20,Animal_1,Nose,Distance (cm),1824.2789538782326
Test_rat20,Animal_1,Nose,Velocity (cm/s),20.105939595606845
04Training_rat31,Animal_1,Nose,Distance (cm),2919.951698167959
04Training_rat31,Animal_1,Nose,Velocity (cm/s),17.826743990227666
04Training_rat19,Animal_1,Nose,Distance (cm),590.8967193007056
04Training_rat19,Animal_1,Nose,Velocity (cm/s),18.46552247814705
Test_rat08,Animal_1,Nose,Distance (cm),1347.973020579643
Test_rat08,Animal_1,Nose,Velocity (cm/s),14.921743362570744
05Training_rat09,Animal_1,Nose,Distance (cm),145.31074649276002
05Training_rat09,Animal_1,Nose,Velocity (cm/s),18.35208571306778
Test_rat22,Animal_1,Nose,Distance (cm),1185.311622713185
Test_rat22,Animal_1,Nose,Velocity (cm/s),13.086687012583107
04Training_rat27,Animal_1,Nose,Distance (cm),503.7546800158958
04Training_rat27,Animal_1,Nose,Velocity (cm/s),25.42447003605838
05Training_rat21,Animal_1,Nose,Distance (cm),402.59192145874243
05Training_rat21,Animal_1,Nose,Velocity (cm/s),14.91081190587935
01Training_rat24,Animal_1,Nose,Distance (cm),31.823590772777095
01Training_rat24,Animal_1,Nose,Velocity (cm/s),0.5786107413232199
01Training_rat30,Animal_1,Nose,Distance (cm),334.5607577898959
01Training_rat30,Animal_1,Nose,Velocity (cm/s),25.03244428142744
01Training_rat18,Animal_1,Nose,Distance (cm),2584.2313601809847
01Training_rat18,Animal_1,Nose,Velocity (cm/s),19.348701365481165
10Training_rat04,Animal_1,Nose,Distance (cm),791.0183349160454
10Training_rat04,Animal_1,Nose,Velocity (cm/s),16.323076555681325
10Training_rat10,Animal_1,Nose,Distance (cm),2391.830382554543
10Training_rat10,Animal_1,Nose,Velocity (cm/s),16.727097993193837
08Training_rat28,Animal_1,Nose,Distance (cm),338.2820483408356
08Training_rat28,Animal_1,Nose,Velocity (cm/s),16.15292723741889
09Training_rat12,Animal_1,Nose,Distance (cm),1094.062350133396
09Training_rat12,Animal_1,Nose,Velocity (cm/s),35.46523362371394
08Training_rat14,Animal_1,Nose,Distance (cm),196.44447258879768
08Training_rat14,Animal_1,Nose,Velocity (cm/s),34.69341280840137
09Training_rat06,Animal_1,Nose,Distance (cm),734.6860957813876
09Training_rat06,Animal_1,Nose,Velocity (cm/s),18.396851372102248
08Training_rat01,Animal_1,Nose,Distance (cm),423.96404004952944
08Training_rat01,Animal_1,Nose,Velocity (cm/s),13.029447870341714
09Training_rat07,Animal_1,Nose,Distance (cm),264.46173064849785
09Training_rat07,Animal_1,Nose,Velocity (cm/s),30.73702640920602
09Training_rat13,Animal_1,Nose,Distance (cm),2.158860174350724
09Training_rat13,Animal_1,Nose,Velocity (cm/s),0.05265512620367619
08Training_rat15,Animal_1,Nose,Distance (cm),140.38352238867526
08Training_rat15,Animal_1,Nose,Velocity (cm/s),20.547373481329437
08Training_rat29,Animal_1,Nose,Distance (cm),1045.79041178017
08Training_rat29,Animal_1,Nose,Velocity (cm/s),16.340475184065156
10Training_rat11,Animal_1,Nose,Distance (cm),2763.8363330926472
10Training_rat11,Animal_1,Nose,Velocity (cm/s),15.631925775207426
10Training_rat05,Animal_1,Nose,Distance (cm),1567.5350573186997
10Training_rat05,Animal_1,Nose,Velocity (cm/s),16.35375156654986
01Training_rat19,Animal_1,Nose,Distance (cm),2930.300583470336
01Training_rat19,Animal_1,Nose,Velocity (cm/s),16.730018880485304
01Training_rat31,Animal_1,Nose,Distance (cm),1940.781021835322
01Training_rat31,Animal_1,Nose,Velocity (cm/s),15.416308598942567
01Training_rat25,Animal_1,Nose,Distance (cm),1920.9901910618046
01Training_rat25,Animal_1,Nose,Velocity (cm/s),19.133975593397107
04Training_rat32,Animal_1,Nose,Distance (cm),768.8486179476184
04Training_rat32,Animal_1,Nose,Velocity (cm/s),22.050673967492042
04Training_rat26,Animal_1,Nose,Distance (cm),612.7392112292789
04Training_rat26,Animal_1,Nose,Velocity (cm/s),25.60340713560466
Test_rat23,Animal_1,Nose,Distance (cm),1077.17192957749
Test_rat23,Animal_1,Nose,Velocity (cm/s),11.837054171181208
05Training_rat20,Animal_1,Nose,Distance (cm),250.34322456625506
05Training_rat20,Animal_1,Nose,Velocity (cm/s),20.696119916446985
05Training_rat08,Animal_1,Nose,Distance (cm),1171.444370643229
05Training_rat08,Animal_1,Nose,Velocity (cm/s),93.35258441548096
05Training_rat24,Animal_1,Nose,Distance (cm),0.008812315172259324
05Training_rat24,Animal_1,Nose,Velocity (cm/s),0.000489573065125518
Test_rat27,Animal_1,Nose,Distance (cm),1787.0449761979708
Test_rat27,Animal_1,Nose,Velocity (cm/s),20.11923722240937
04Training_rat22,Animal_1,Nose,Distance (cm),2638.4389155310114
04Training_rat22,Animal_1,Nose,Velocity (cm/s),17.310428541648054
05Training_rat30,Animal_1,Nose,Distance (cm),265.67798884057817
05Training_rat30,Animal_1,Nose,Velocity (cm/s),27.048312731206103
05Training_rat18,Animal_1,Nose,Distance (cm),334.9581106154714
05Training_rat18,Animal_1,Nose,Velocity (cm/s),25.367657475732933
01Training_rat09,Animal_1,Nose,Distance (cm),653.9863188643105
01Training_rat09,Animal_1,Nose,Velocity (cm/s),12.15492875053645
01Training_rat21,Animal_1,Nose,Distance (cm),538.9905735424845
01Training_rat21,Animal_1,Nose,Velocity (cm/s),13.93583550634331
10Training_rat01,Animal_1,Nose,Distance (cm),2599.134852964479
10Training_rat01,Animal_1,Nose,Velocity (cm/s),15.5860381921037
10Training_rat15,Animal_1,Nose,Distance (cm),185.2931901141542
10Training_rat15,Animal_1,Nose,Velocity (cm/s),32.638304261223375
10Training_rat29,Animal_1,Nose,Distance (cm),334.0541801291335
10Training_rat29,Animal_1,Nose,Velocity (cm/s),14.524094788223195
08Training_rat11,Animal_1,Nose,Distance (cm),2941.71495380642
08Training_rat11,Animal_1,Nose,Velocity (cm/s),17.74703759587396
09Training_rat17,Animal_1,Nose,Distance (cm),195.41841854680806
09Training_rat17,Animal_1,Nose,Velocity (cm/s),15.230816948934763
09Training_rat03,Animal_1,Nose,Distance (cm),2166.445227780877
09Training_rat03,Animal_1,Nose,Velocity (cm/s),17.5770504212864
08Training_rat05,Animal_1,Nose,Distance (cm),682.6027442228362
08Training_rat05,Animal_1,Nose,Velocity (cm/s),19.740583939303644
09Training_rat02,Animal_1,Nose,Distance (cm),201.1714019617079
09Training_rat02,Animal_1,Nose,Velocity (cm/s),52.216772309716156
08Training_rat04,Animal_1,Nose,Distance (cm),786.1845688744296
08Training_rat04,Animal_1,Nose,Velocity (cm/s),18.718680211295943
08Training_rat10,Animal_1,Nose,Distance (cm),3892.67846355351
08Training_rat10,Animal_1,Nose,Velocity (cm/s),21.88172479670396
09Training_rat16,Animal_1,Nose,Distance (cm),2327.9346566792087
09Training_rat16,Animal_1,Nose,Velocity (cm/s),12.861517440216623
10Training_rat28,Animal_1,Nose,Distance (cm),221.02643050245152
10Training_rat28,Animal_1,Nose,Velocity (cm/s),20.093311863859228
10Training_rat14,Animal_1,Nose,Distance (cm),174.48751206485784
10Training_rat14,Animal_1,Nose,Velocity (cm/s),25.77791180310801
01Training_rat20,Animal_1,Nose,Distance (cm),594.0413462942597
01Training_rat20,Animal_1,Nose,Velocity (cm/s),18.690895293983104
01Training_rat08,Animal_1,Nose,Distance (cm),204.43522836126417
01Training_rat08,Animal_1,Nose,Velocity (cm/s),17.043640041975177
05Training_rat19,Animal_1,Nose,Distance (cm),200.33879133633363
05Training_rat19,Animal_1,Nose,Velocity (cm/s),23.266055109968246
Test_rat32,Animal_1,Nose,Distance (cm),1680.4447024742808
Test_rat32,Animal_1,Nose,Velocity (cm/s),19.053282781800053
05Training_rat31,Animal_1,Nose,Distance (cm),866.1087989484829
05Training_rat31,Animal_1,Nose,Velocity (cm/s),24.074537718504434
05Training_rat25,Animal_1,Nose,Distance (cm),2987.8305062537647
05Training_rat25,Animal_1,Nose,Velocity (cm/s),16.986130883079177
04Training_rat23,Animal_1,Nose,Distance (cm),132.30066672408225
04Training_rat23,Animal_1,Nose,Velocity (cm/s),17.03118276879362
Test_rat26,Animal_1,Nose,Distance (cm),1642.8220025984494
Test_rat26,Animal_1,Nose,Velocity (cm/s),18.0529890395434
Test_rat30,Animal_1,Nose,Distance (cm),1319.5758236745492
Test_rat30,Animal_1,Nose,Velocity (cm/s),14.828668497908943
Test_rat24,Animal_1,Nose,Distance (cm),1689.2164259378515
Test_rat24,Animal_1,Nose,Velocity (cm/s),18.605200468557864
04Training_rat21,Animal_1,Nose,Distance (cm),443.74895003699083
04Training_rat21,Animal_1,Nose,Velocity (cm/s),12.326359723249745
05Training_rat27,Animal_1,Nose,Distance (cm),788.083868806169
05Training_rat27,Animal_1,Nose,Velocity (cm/s),20.81394527262908
04Training_rat09,Animal_1,Nose,Distance (cm),1027.2418087211252
04Training_rat09,Animal_1,Nose,Velocity (cm/s),14.751670490524385
Test_rat18,Animal_1,Nose,Distance (cm),1764.8532962035708
Test_rat18,Animal_1,Nose,Velocity (cm/s),20.032675909924954
01Training_rat22,Animal_1,Nose,Distance (cm),761.295993570612
01Training_rat22,Animal_1,Nose,Velocity (cm/s),7.546656085472984
10Training_rat16,Animal_1,Nose,Distance (cm),2039.4195873668257
10Training_rat16,Animal_1,Nose,Velocity (cm/s),11.267511532413403
10Training_rat02,Animal_1,Nose,Distance (cm),212.40950750973124
10Training_rat02,Animal_1,Nose,Velocity (cm/s),60.47406642176057
08Training_rat06,Animal_1,Nose,Distance (cm),620.2236136745589
08Training_rat06,Animal_1,Nose,Velocity (cm/s),17.37034035135808
09Training_rat14,Animal_1,Nose,Distance (cm),240.7106478235171
09Training_rat14,Animal_1,Nose,Velocity (cm/s),21.956788168275885
08Training_rat12,Animal_1,Nose,Distance (cm),290.5312248700333
08Training_rat12,Animal_1,Nose,Velocity (cm/s),13.215718989901312
09Training_rat28,Animal_1,Nose,Distance (cm),475.09507920553585
09Training_rat28,Animal_1,Nose,Velocity (cm/s),22.56696677738634
09Training_rat29,Animal_1,Nose,Distance (cm),1209.7712527599429
09Training_rat29,Animal_1,Nose,Velocity (cm/s),20.892267815623686
09Training_rat15,Animal_1,Nose,Distance (cm),294.2618218958813
09Training_rat15,Animal_1,Nose,Velocity (cm/s),24.616613838159985
08Training_rat13,Animal_1,Nose,Distance (cm),199.6260194549639
08Training_rat13,Animal_1,Nose,Velocity (cm/s),20.116194912015082
08Training_rat07,Animal_1,Nose,Distance (cm),425.08977464890097
08Training_rat07,Animal_1,Nose,Velocity (cm/s),23.864771737009903
09Training_rat01,Animal_1,Nose,Distance (cm),1195.3642734292284
09Training_rat01,Animal_1,Nose,Velocity (cm/s),24.244975700823638
10Training_rat03,Animal_1,Nose,Distance (cm),2916.3084660592294
10Training_rat03,Animal_1,Nose,Velocity (cm/s),16.3019888235987
10Training_rat17,Animal_1,Nose,Distance (cm),2227.3575693663142
10Training_rat17,Animal_1,Nose,Velocity (cm/s),17.538248577687515
01Training_rat23,Animal_1,Nose,Distance (cm),399.8557049666306
01Training_rat23,Animal_1,Nose,Velocity (cm/s),19.14805796998172
Test_rat19,Animal_1,Nose,Distance (cm),1364.0247453319946
Test_rat19,Animal_1,Nose,Velocity (cm/s),15.712442042715958
04Training_rat08,Animal_1,Nose,Distance (cm),1177.5416825238165
04Training_rat08,Animal_1,Nose,Velocity (cm/s),16.814905986966906
04Training_rat20,Animal_1,Nose,Distance (cm),290.07114714947176
04Training_rat20,Animal_1,Nose,Velocity (cm/s),20.909051057989238
Test_rat25,Animal_1,Nose,Distance (cm),1931.2937655771639
Test_rat25,Animal_1,Nose,Velocity (cm/s),21.232064762982507
05Training_rat26,Animal_1,Nose,Distance (cm),77.14305103667166
05Training_rat26,Animal_1,Nose,Velocity (cm/s),19.755735964448284
05Training_rat32,Animal_1,Nose,Distance (cm),280.3004113749066
05Training_rat32,Animal_1,Nose,Velocity (cm/s),35.35111224764076
Test_rat31,Animal_1,Nose,Distance (cm),1422.1622871366271
Test_rat31,Animal_1,Nose,Velocity (cm/s),15.635808085934986
06Training_rat24,Animal_1,Nose,Distance (cm),372.6958006131201
06Training_rat24,Animal_1,Nose,Velocity (cm/s),28.73448920489149
07Training_rat22,Animal_1,Nose,Distance (cm),735.3274763328476
07Training_rat22,Animal_1,Nose,Velocity (cm/s),16.35683326965655
06Training_rat30,Animal_1,Nose,Distance (cm),202.1808165289917
06Training_rat30,Animal_1,Nose,Velocity (cm/s),29.207010568360886
06Training_rat18,Animal_1,Nose,Distance (cm),46.666075054513165
06Training_rat18,Animal_1,Nose,Velocity (cm/s),2.745063238500774
02Training_rat09,Animal_1,Nose,Distance (cm),242.57160269864684
02Training_rat09,Animal_1,Nose,Velocity (cm/s),32.955046540722954
02Training_rat21,Animal_1,Nose,Distance (cm),407.19012844546666
02Training_rat21,Animal_1,Nose,Velocity (cm/s),14.542504587338096
03Training_rat27,Animal_1,Nose,Distance (cm),540.6953512919341
03Training_rat27,Animal_1,Nose,Velocity (cm/s),14.010120192293945
03Training_rat32,Animal_1,Nose,Distance (cm),539.072716863832
03Training_rat32,Animal_1,Nose,Velocity (cm/s),22.60105433694957
02Training_rat20,Animal_1,Nose,Distance (cm),529.8857140504317
02Training_rat20,Animal_1,Nose,Velocity (cm/s),20.597325199792053
03Training_rat26,Animal_1,Nose,Distance (cm),471.9707349110819
03Training_rat26,Animal_1,Nose,Velocity (cm/s),17.712539017506653
02Training_rat08,Animal_1,Nose,Distance (cm),1466.7373317373135
02Training_rat08,Animal_1,Nose,Velocity (cm/s),22.659673736698924
06Training_rat19,Animal_1,Nose,Distance (cm),922.6162999842347
06Training_rat19,Animal_1,Nose,Velocity (cm/s),20.984421944929135
06Training_rat31,Animal_1,Nose,Distance (cm),2496.8033862217317
06Training_rat31,Animal_1,Nose,Velocity (cm/s),13.975902345444206
06Training_rat25,Animal_1,Nose,Distance (cm),2736.5624032087007
06Training_rat25,Animal_1,Nose,Velocity (cm/s),15.169711450169894
07Training_rat23,Animal_1,Nose,Distance (cm),148.07303902953697
07Training_rat23,Animal_1,Nose,Velocity (cm/s),26.75958430030804
07Training_rat21,Animal_1,Nose,Distance (cm),510.03650072361114
07Training_rat21,Animal_1,Nose,Velocity (cm/s),24.529822564193733
06Training_rat27,Animal_1,Nose,Distance (cm),535.7524630916611
06Training_rat27,Animal_1,Nose,Velocity (cm/s),31.263929696858813
07Training_rat09,Animal_1,Nose,Distance (cm),597.0568020396472
07Training_rat09,Animal_1,Nose,Velocity (cm/s),20.777375526718956
03Training_rat18,Animal_1,Nose,Distance (cm),790.0413379596561
03Training_rat18,Animal_1,Nose,Velocity (cm/s),32.918389081652336
03Training_rat30,Animal_1,Nose,Distance (cm),263.6018121374974
03Training_rat30,Animal_1,Nose,Velocity (cm/s),20.30026047415354
03Training_rat24,Animal_1,Nose,Distance (cm),739.0027242146658
03Training_rat24,Animal_1,Nose,Velocity (cm/s),20.16367470095691
02Training_rat22,Animal_1,Nose,Distance (cm),933.9040120705497
02Training_rat22,Animal_1,Nose,Velocity (cm/s),16.204333767842332
03Training_rat25,Animal_1,Nose,Distance (cm),281.4468515625285
03Training_rat25,Animal_1,Nose,Velocity (cm/s),30.133794092768397
02Training_rat23,Animal_1,Nose,Distance (cm),353.0077086666313
02Training_rat23,Animal_1,Nose,Velocity (cm/s),22.186124741630547
03Training_rat31,Animal_1,Nose,Distance (cm),2057.648767297672
03Training_rat31,Animal_1,Nose,Velocity (cm/s),11.84640575353821
03Training_rat19,Animal_1,Nose,Distance (cm),360.3698330411773
03Training_rat19,Animal_1,Nose,Velocity (cm/s),19.474857161576068
07Training_rat08,Animal_1,Nose,Distance (cm),219.29360561792836
07Training_rat08,Animal_1,Nose,Velocity (cm/s),24.956080454442404
07Training_rat20,Animal_1,Nose,Distance (cm),407.47684609986044
07Training_rat20,Animal_1,Nose,Velocity (cm/s),37.2885210415661
06Training_rat26,Animal_1,Nose,Distance (cm),424.11665056418195
06Training_rat26,Animal_1,Nose,Velocity (cm/s),21.68635610513993
06Training_rat32,Animal_1,Nose,Distance (cm),68.83267969067279
06Training_rat32,Animal_1,Nose,Velocity (cm/s),2.4583099889525997
07Training_rat18,Animal_1,Nose,Distance (cm),514.1469255892619
07Training_rat18,Animal_1,Nose,Velocity (cm/s),32.108708861122764
07Training_rat30,Animal_1,Nose,Distance (cm),149.49135721344334
07Training_rat30,Animal_1,Nose,Velocity (cm/s),22.381266357440296
06Training_rat22,Animal_1,Nose,Distance (cm),727.1523339977597
06Training_rat22,Animal_1,Nose,Velocity (cm/s),25.478520685379447
07Training_rat24,Animal_1,Nose,Distance (cm),106.40602194503842
07Training_rat24,Animal_1,Nose,Velocity (cm/s),41.21606241740888
02Training_rat27,Animal_1,Nose,Distance (cm),940.081389597779
02Training_rat27,Animal_1,Nose,Velocity (cm/s),12.630706011995718
03Training_rat21,Animal_1,Nose,Distance (cm),779.605459984213
03Training_rat21,Animal_1,Nose,Velocity (cm/s),33.895889564531
03Training_rat09,Animal_1,Nose,Distance (cm),641.8921198323751
03Training_rat09,Animal_1,Nose,Velocity (cm/s),20.100280444551785
03Training_rat08,Animal_1,Nose,Distance (cm),1791.7329773011181
03Training_rat08,Animal_1,Nose,Velocity (cm/s),14.220102994453319
02Training_rat26,Animal_1,Nose,Distance (cm),1207.9807420191657
02Training_rat26,Animal_1,Nose,Velocity (cm/s),14.731472463648362
03Training_rat20,Animal_1,Nose,Distance (cm),431.8464814032226
03Training_rat20,Animal_1,Nose,Velocity (cm/s),22.72876217911698
02Training_rat32,Animal_1,Nose,Distance (cm),492.9175977258357
02Training_rat32,Animal_1,Nose,Velocity (cm/s),17.639249467285477
06Training_rat23,Animal_1,Nose,Distance (cm),452.48948541353764
06Training_rat23,Animal_1,Nose,Velocity (cm/s),44.046582973205666
07Training_rat25,Animal_1,Nose,Distance (cm),3009.5391651307364
07Training_rat25,Animal_1,Nose,Velocity (cm/s),16.62728820514219
07Training_rat31,Animal_1,Nose,Distance (cm),373.8655918749421
07Training_rat31,Animal_1,Nose,Velocity (cm/s),19.747615087413838
07Training_rat19,Animal_1,Nose,Distance (cm),2764.6618880236456
07Training_rat19,Animal_1,Nose,Velocity (cm/s),16.049339495977893
06Training_rat09,Animal_1,Nose,Distance (cm),211.59678968635657
06Training_rat09,Animal_1,Nose,Velocity (cm/s),15.114056406168327
07Training_rat27,Animal_1,Nose,Distance (cm),574.765848664387
07Training_rat27,Animal_1,Nose,Velocity (cm/s),24.26113235037056
06Training_rat21,Animal_1,Nose,Distance (cm),431.5377845628127
06Training_rat21,Animal_1,Nose,Velocity (cm/s),17.343423115930666
03Training_rat22,Animal_1,Nose,Distance (cm),2594.6477704130853
03Training_rat22,Animal_1,Nose,Velocity (cm/s),22.807900066091623
02Training_rat24,Animal_1,Nose,Distance (cm),615.2415681528985
02Training_rat24,Animal_1,Nose,Velocity (cm/s),20.567294737152835
02Training_rat30,Animal_1,Nose,Distance (cm),668.0234503560243
02Training_rat30,Animal_1,Nose,Velocity (cm/s),23.960839155790133
02Training_rat18,Animal_1,Nose,Distance (cm),273.82036871485934
02Training_rat18,Animal_1,Nose,Velocity (cm/s),44.845236095486676
02Training_rat19,Animal_1,Nose,Distance (cm),1229.757397095446
02Training_rat19,Animal_1,Nose,Velocity (cm/s),13.082525501015384
02Training_rat31,Animal_1,Nose,Distance (cm),1804.3606595175283
02Training_rat31,Animal_1,Nose,Velocity (cm/s),14.230162414937382
03Training_rat23,Animal_1,Nose,Distance (cm),541.6888857236361
03Training_rat23,Animal_1,Nose,Velocity (cm/s),17.084140738298682
02Training_rat25,Animal_1,Nose,Distance (cm),606.161326038966
02Training_rat25,Animal_1,Nose,Velocity (cm/s),22.91356570207333
07Training_rat32,Animal_1,Nose,Distance (cm),110.40451243663404
07Training_rat32,Animal_1,Nose,Velocity (cm/s),19.33238441886033
07Training_rat26,Animal_1,Nose,Distance (cm),187.3867285259387
07Training_rat26,Animal_1,Nose,Velocity (cm/s),27.163245510639136
06Training_rat20,Animal_1,Nose,Distance (cm),346.1166261744621
06Training_rat20,Animal_1,Nose,Velocity (cm/s),36.720896137668554
06Training_rat08,Animal_1,Nose,Distance (cm),407.06500219339216
06Training_rat08,Animal_1,Nose,Velocity (cm/s),42.55820205312039
06Training_rat05,Animal_1,Nose,Distance (cm),466.9730282032484
06Training_rat05,Animal_1,Nose,Velocity (cm/s),17.71296260224432
07Training_rat03,Animal_1,Nose,Distance (cm),3037.654732789333
07Training_rat03,Animal_1,Nose,Velocity (cm/s),16.903326952971348
07Training_rat17,Animal_1,Nose,Distance (cm),1269.110744255638
07Training_rat17,Animal_1,Nose,Velocity (cm/s),16.740302949190333
06Training_rat11,Animal_1,Nose,Distance (cm),430.1521718065704
06Training_rat11,Animal_1,Nose,Velocity (cm/s),13.557239402253773
02Training_rat28,Animal_1,Nose,Distance (cm),824.0980221719217
02Training_rat28,Animal_1,Nose,Velocity (cm/s),18.862852138183744
03Training_rat06,Animal_1,Nose,Distance (cm),299.7614469649651
03Training_rat06,Animal_1,Nose,Velocity (cm/s),17.157968921938302
03Training_rat12,Animal_1,Nose,Distance (cm),372.3248286707791
03Training_rat12,Animal_1,Nose,Velocity (cm/s),19.9190936157834
02Training_rat14,Animal_1,Nose,Distance (cm),785.6099685667618
02Training_rat14,Animal_1,Nose,Velocity (cm/s),19.584355130197643
03Training_rat13,Animal_1,Nose,Distance (cm),344.17191297299263
03Training_rat13,Animal_1,Nose,Velocity (cm/s),20.3279457633179
02Training_rat15,Animal_1,Nose,Distance (cm),461.8378626561131
02Training_rat15,Animal_1,Nose,Velocity (cm/s),31.131620107315733
02Training_rat01,Animal_1,Nose,Distance (cm),1356.7177619668305
02Training_rat01,Animal_1,Nose,Velocity (cm/s),14.320610800524914
03Training_rat07,Animal_1,Nose,Distance (cm),972.4490540734139
03Training_rat07,Animal_1,Nose,Velocity (cm/s),16.82017386509003
02Training_rat29,Animal_1,Nose,Distance (cm),413.3639153450531
02Training_rat29,Animal_1,Nose,Velocity (cm/s),15.309774642409373
07Training_rat16,Animal_1,Nose,Distance (cm),629.0914410563958
07Training_rat16,Animal_1,Nose,Velocity (cm/s),9.254129333749534
06Training_rat10,Animal_1,Nose,Distance (cm),140.36603006635812
06Training_rat10,Animal_1,Nose,Velocity (cm/s),20.05229000947973
06Training_rat04,Animal_1,Nose,Distance (cm),143.2976803753128
06Training_rat04,Animal_1,Nose,Velocity (cm/s),24.9625181718455
07Training_rat02,Animal_1,Nose,Distance (cm),396.23172937105926
07Training_rat02,Animal_1,Nose,Velocity (cm/s),28.41194487081661
06Training_rat12,Animal_1,Nose,Distance (cm),91.30212125322946
06Training_rat12,Animal_1,Nose,Velocity (cm/s),2.9828789835473
07Training_rat14,Animal_1,Nose,Distance (cm),210.11441022995405
07Training_rat14,Animal_1,Nose,Velocity (cm/s),28.329576084564053
06Training_rat06,Animal_1,Nose,Distance (cm),2701.2241623189793
06Training_rat06,Animal_1,Nose,Velocity (cm/s),23.93336732243169
07Training_rat28,Animal_1,Nose,Distance (cm),4.196693352338996
07Training_rat28,Animal_1,Nose,Velocity (cm/s),0.11990552435254274
02Training_rat17,Animal_1,Nose,Distance (cm),517.7682618224934
02Training_rat17,Animal_1,Nose,Velocity (cm/s),20.149069526360847
03Training_rat11,Animal_1,Nose,Distance (cm),245.31288054683577
03Training_rat11,Animal_1,Nose,Velocity (cm/s),22.73595291919941
03Training_rat05,Animal_1,Nose,Distance (cm),555.2859918327981
03Training_rat05,Animal_1,Nose,Velocity (cm/s),23.308102732815822
02Training_rat03,Animal_1,Nose,Distance (cm),819.6599622554153
02Training_rat03,Animal_1,Nose,Velocity (cm/s),15.671438467235964
03Training_rat04,Animal_1,Nose,Distance (cm),184.98870921358736
03Training_rat04,Animal_1,Nose,Velocity (cm/s),23.188029754407623
02Training_rat02,Animal_1,Nose,Distance (cm),824.9880118627709
02Training_rat02,Animal_1,Nose,Velocity (cm/s),20.642863688106058
02Training_rat16,Animal_1,Nose,Distance (cm),541.4833699469086
02Training_rat16,Animal_1,Nose,Velocity (cm/s),16.79011176873797
03Training_rat10,Animal_1,Nose,Distance (cm),437.77588708486246
03Training_rat10,Animal_1,Nose,Velocity (cm/s),14.061804898380194
07Training_rat29,Animal_1,Nose,Distance (cm),999.7006556011866
07Training_rat29,Animal_1,Nose,Velocity (cm/s),10.381802422471374
07Training_rat01,Animal_1,Nose,Distance (cm),1257.6804873285412
07Training_rat01,Animal_1,Nose,Velocity (cm/s),15.371492168491702
06Training_rat07,Animal_1,Nose,Distance (cm),456.92044201940564
06Training_rat07,Animal_1,Nose,Velocity (cm/s),21.988036709870897
06Training_rat13,Animal_1,Nose,Distance (cm),193.5573913451878
06Training_rat13,Animal_1,Nose,Velocity (cm/s),24.3911169741072
07Training_rat15,Animal_1,Nose,Distance (cm),640.3229774999643
07Training_rat15,Animal_1,Nose,Velocity (cm/s),19.403726590908008
07Training_rat11,Animal_1,Nose,Distance (cm),707.9411859532744
07Training_rat11,Animal_1,Nose,Velocity (cm/s),18.336621222050017
06Training_rat17,Animal_1,Nose,Distance (cm),401.9685355941418
06Training_rat17,Animal_1,Nose,Velocity (cm/s),22.20966807312115
06Training_rat03,Animal_1,Nose,Distance (cm),609.6306109944151
06Training_rat03,Animal_1,Nose,Velocity (cm/s),12.95057862895043
07Training_rat05,Animal_1,Nose,Distance (cm),439.7847217834043
07Training_rat05,Animal_1,Nose,Velocity (cm/s),22.14676605498858
03Training_rat14,Animal_1,Nose,Distance (cm),285.1090513555744
03Training_rat14,Animal_1,Nose,Velocity (cm/s),17.99059573288021
02Training_rat12,Animal_1,Nose,Distance (cm),549.4745202008785
02Training_rat12,Animal_1,Nose,Velocity (cm/s),17.724984522608985
02Training_rat06,Animal_1,Nose,Distance (cm),931.7846463103917
02Training_rat06,Animal_1,Nose,Velocity (cm/s),17.751558860511217
03Training_rat28,Animal_1,Nose,Distance (cm),877.9073993235868
03Training_rat28,Animal_1,Nose,Velocity (cm/s),16.715214849182793
03Training_rat29,Animal_1,Nose,Distance (cm),452.63394408045633
03Training_rat29,Animal_1,Nose,Velocity (cm/s),14.624694741480118
02Training_rat07,Animal_1,Nose,Distance (cm),393.56457439694464
02Training_rat07,Animal_1,Nose,Velocity (cm/s),22.02880954346801
03Training_rat01,Animal_1,Nose,Distance (cm),1439.689408921855
03Training_rat01,Animal_1,Nose,Velocity (cm/s),13.142896981885144
03Training_rat15,Animal_1,Nose,Distance (cm),234.28996692158208
03Training_rat15,Animal_1,Nose,Velocity (cm/s),21.467190700160018
02Training_rat13,Animal_1,Nose,Distance (cm),962.0419716425006
02Training_rat13,Animal_1,Nose,Velocity (cm/s),17.20355174721336
06Training_rat02,Animal_1,Nose,Distance (cm),587.4446258554772
06Training_rat02,Animal_1,Nose,Velocity (cm/s),15.805765320340447
07Training_rat04,Animal_1,Nose,Distance (cm),185.08270936647642
07Training_rat04,Animal_1,Nose,Velocity (cm/s),31.05867274359842
07Training_rat10,Animal_1,Nose,Distance (cm),427.04651092256853
07Training_rat10,Animal_1,Nose,Velocity (cm/s),18.88297324382407
06Training_rat16,Animal_1,Nose,Distance (cm),485.0649751823814
06Training_rat16,Animal_1,Nose,Velocity (cm/s),11.666784971178382
06Training_rat28,Animal_1,Nose,Distance (cm),268.2750357797896
06Training_rat28,Animal_1,Nose,Velocity (cm/s),22.98354843226222
07Training_rat06,Animal_1,Nose,Distance (cm),224.8669573025159
07Training_rat06,Animal_1,Nose,Velocity (cm/s),14.157005015707275
06Training_rat14,Animal_1,Nose,Distance (cm),478.4213513695398
06Training_rat14,Animal_1,Nose,Velocity (cm/s),19.136854054781594
07Training_rat12,Animal_1,Nose,Distance (cm),827.882314729015
07Training_rat12,Animal_1,Nose,Velocity (cm/s),20.25047099033338
03Training_rat03,Animal_1,Nose,Distance (cm),405.6034958668272
03Training_rat03,Animal_1,Nose,Velocity (cm/s),9.21826126970062
02Training_rat05,Animal_1,Nose,Distance (cm),296.2110876156401
02Training_rat05,Animal_1,Nose,Velocity (cm/s),17.708726129297272
02Training_rat11,Animal_1,Nose,Distance (cm),421.7889516700902
02Training_rat11,Animal_1,Nose,Velocity (cm/s),19.228608756586826
03Training_rat17,Animal_1,Nose,Distance (cm),1272.3137314996359
03Training_rat17,Animal_1,Nose,Velocity (cm/s),22.36987901312519
02Training_rat10,Animal_1,Nose,Distance (cm),3427.2440951606704
02Training_rat10,Animal_1,Nose,Velocity (cm/s),24.361883921391925
03Training_rat16,Animal_1,Nose,Distance (cm),629.5043975750149
03Training_rat16,Animal_1,Nose,Velocity (cm/s),21.80413858209294
03Training_rat02,Animal_1,Nose,Distance (cm),471.4804246421774
03Training_rat02,Animal_1,Nose,Velocity (cm/s),17.772062569986716
02Training_rat04,Animal_1,Nose,Distance (cm),3195.5783313777547
02Training_rat04,Animal_1,Nose,Velocity (cm/s),17.952687254931206
06Training_rat15,Animal_1,Nose,Distance (cm),168.75555453041966
06Training_rat15,Animal_1,Nose,Velocity (cm/s),19.041971628208543
07Training_rat13,Animal_1,Nose,Distance (cm),434.7678847806809
07Training_rat13,Animal_1,Nose,Velocity (cm/s),72.89365160608715
07Training_rat07,Animal_1,Nose,Distance (cm),225.71472290287207
07Training_rat07,Animal_1,Nose,Velocity (cm/s),47.287964337465084
06Training_rat01,Animal_1,Nose,Distance (cm),2361.996341560234
06Training_rat01,Animal_1,Nose,Velocity (cm/s),13.069934730718773
06Training_rat29,Animal_1,Nose,Distance (cm),340.9977645586324
06Training_rat29,Animal_1,Nose,Velocity (cm/s),24.960851800153286
Test_rat28,Animal_1,Nose,Distance (cm),1606.8098013808938
Test_rat28,Animal_1,Nose,Velocity (cm/s),18.141191355335742
Test_rat14,Animal_1,Nose,Distance (cm),1685.3547442989839
Test_rat14,Animal_1,Nose,Velocity (cm/s),19.193969970149606
04Training_rat11,Animal_1,Nose,Distance (cm),809.8213661572506
04Training_rat11,Animal_1,Nose,Velocity (cm/s),20.211288721933307
05Training_rat17,Animal_1,Nose,Distance (cm),579.5104363542886
05Training_rat17,Animal_1,Nose,Velocity (cm/s),26.19284879186502
05Training_rat03,Animal_1,Nose,Distance (cm),2194.8312745717953
05Training_rat03,Animal_1,Nose,Velocity (cm/s),12.941315856062294
04Training_rat05,Animal_1,Nose,Distance (cm),401.6823520624048
04Training_rat05,Animal_1,Nose,Velocity (cm/s),19.273209748744588
01Training_rat12,Animal_1,Nose,Distance (cm),2592.1752024968855
01Training_rat12,Animal_1,Nose,Velocity (cm/s),14.407530463368651
01Training_rat06,Animal_1,Nose,Distance (cm),1246.0670865530512
01Training_rat06,Animal_1,Nose,Velocity (cm/s),19.899065148209246
10Training_rat32,Animal_1,Nose,Distance (cm),566.7619084792798
10Training_rat32,Animal_1,Nose,Velocity (cm/s),26.05680677549352
10Training_rat26,Animal_1,Nose,Distance (cm),970.3475458879741
10Training_rat26,Animal_1,Nose,Velocity (cm/s),22.70795404858442
09Training_rat18,Animal_1,Nose,Distance (cm),348.7575031920848
09Training_rat18,Animal_1,Nose,Velocity (cm/s),26.827500245544986
09Training_rat24,Animal_1,Nose,Distance (cm),150.89600699292876
09Training_rat24,Animal_1,Nose,Velocity (cm/s),19.055026513697257
08Training_rat22,Animal_1,Nose,Distance (cm),469.95137865004307
08Training_rat22,Animal_1,Nose,Velocity (cm/s),12.367141543422184
09Training_rat30,Animal_1,Nose,Distance (cm),156.31927009262844
09Training_rat30,Animal_1,Nose,Velocity (cm/s),21.232460953536034
09Training_rat31,Animal_1,Nose,Distance (cm),244.87704296900512
09Training_rat31,Animal_1,Nose,Velocity (cm/s),18.905193513621928
09Training_rat25,Animal_1,Nose,Distance (cm),2542.4581179847623
09Training_rat25,Animal_1,Nose,Velocity (cm/s),14.067504248853364
08Training_rat23,Animal_1,Nose,Distance (cm),480.7038517291547
08Training_rat23,Animal_1,Nose,Velocity (cm/s),24.11314960428957
09Training_rat19,Animal_1,Nose,Distance (cm),173.09988523983696
09Training_rat19,Animal_1,Nose,Velocity (cm/s),17.598624848833506
10Training_rat27,Animal_1,Nose,Distance (cm),379.2566719246732
10Training_rat27,Animal_1,Nose,Velocity (cm/s),20.031537286514936
01Training_rat07,Animal_1,Nose,Distance (cm),163.6757647575536
01Training_rat07,Animal_1,Nose,Velocity (cm/s),15.115481809161851
01Training_rat13,Animal_1,Nose,Distance (cm),718.6577775327114
01Training_rat13,Animal_1,Nose,Velocity (cm/s),19.078194328386846
05Training_rat02,Animal_1,Nose,Distance (cm),988.7442360697236
05Training_rat02,Animal_1,Nose,Velocity (cm/s),15.691719439843725
04Training_rat04,Animal_1,Nose,Distance (cm),453.7591074065293
04Training_rat04,Animal_1,Nose,Velocity (cm/s),15.713917554259657
Test_rat01,Animal_1,Nose,Distance (cm),1870.1288980263514
Test_rat01,Animal_1,Nose,Velocity (cm/s),20.76413902247032
04Training_rat10,Animal_1,Nose,Distance (cm),260.3067624708468
04Training_rat10,Animal_1,Nose,Velocity (cm/s),20.219157773867728
Test_rat15,Animal_1,Nose,Distance (cm),1596.8674506073435
Test_rat15,Animal_1,Nose,Velocity (cm/s),17.58575688598355
05Training_rat16,Animal_1,Nose,Distance (cm),364.5860121635019
05Training_rat16,Animal_1,Nose,Velocity (cm/s),20.25477845352788
Test_rat29,Animal_1,Nose,Distance (cm),858.2137025078288
Test_rat29,Animal_1,Nose,Velocity (cm/s),9.724087749780663
05Training_rat28,Animal_1,Nose,Distance (cm),942.5479684999634
05Training_rat28,Animal_1,Nose,Velocity (cm/s),21.91972019767357
Test_rat03,Animal_1,Nose,Distance (cm),1516.256879490392
Test_rat03,Animal_1,Nose,Velocity (cm/s),16.971317303552947
04Training_rat06,Animal_1,Nose,Distance (cm),1456.9150634437992
04Training_rat06,Animal_1,Nose,Velocity (cm/s),20.920768879877926
05Training_rat14,Animal_1,Nose,Distance (cm),359.75978612865345
05Training_rat14,Animal_1,Nose,Velocity (cm/s),18.934725585718606
Test_rat17,Animal_1,Nose,Distance (cm),1468.3077112569385
Test_rat17,Animal_1,Nose,Velocity (cm/s),16.4543251538203
04Training_rat12,Animal_1,Nose,Distance (cm),258.18118522797755
04Training_rat12,Animal_1,Nose,Velocity (cm/s),16.316550819780712
01Training_rat05,Animal_1,Nose,Distance (cm),276.7649293155185
01Training_rat05,Animal_1,Nose,Velocity (cm/s),16.94822540142216
01Training_rat11,Animal_1,Nose,Distance (cm),1311.4979832836284
01Training_rat11,Animal_1,Nose,Velocity (cm/s),14.735932396445262
10Training_rat19,Animal_1,Nose,Distance (cm),177.99827663310614
10Training_rat19,Animal_1,Nose,Velocity (cm/s),22.48220932877667
10Training_rat25,Animal_1,Nose,Distance (cm),2712.3669612291205
10Training_rat25,Animal_1,Nose,Velocity (cm/s),15.509504896216875
10Training_rat31,Animal_1,Nose,Distance (cm),416.8089994081194
10Training_rat31,Animal_1,Nose,Velocity (cm/s),13.91922700105893
08Training_rat09,Animal_1,Nose,Distance (cm),206.29333914253908
08Training_rat09,Animal_1,Nose,Velocity (cm/s),23.930731439222697
08Training_rat21,Animal_1,Nose,Distance (cm),1661.5516103749371
08Training_rat21,Animal_1,Nose,Velocity (cm/s),14.643886410911385
09Training_rat27,Animal_1,Nose,Distance (cm),1012.2548808640734
09Training_rat27,Animal_1,Nose,Velocity (cm/s),18.075980015429884
08Training_rat20,Animal_1,Nose,Distance (cm),506.4517104782506
08Training_rat20,Animal_1,Nose,Velocity (cm/s),42.408968345572355
09Training_rat26,Animal_1,Nose,Distance (cm),327.6140642534723
09Training_rat26,Animal_1,Nose,Velocity (cm/s),23.866210863651457
09Training_rat32,Animal_1,Nose,Distance (cm),429.97293889923986
09Training_rat32,Animal_1,Nose,Velocity (cm/s),24.977449663650795
08Training_rat08,Animal_1,Nose,Distance (cm),596.1455409053808
08Training_rat08,Animal_1,Nose,Velocity (cm/s),15.762776606947677
10Training_rat30,Animal_1,Nose,Distance (cm),2258.103639165117
10Training_rat30,Animal_1,Nose,Velocity (cm/s),12.815917876321517
10Training_rat24,Animal_1,Nose,Distance (cm),138.2813255796596
10Training_rat24,Animal_1,Nose,Velocity (cm/s),28.450186909182424
10Training_rat18,Animal_1,Nose,Distance (cm),398.13790100128244
10Training_rat18,Animal_1,Nose,Velocity (cm/s),44.853269353775
01Training_rat10,Animal_1,Nose,Distance (cm),2675.655948753422
01Training_rat10,Animal_1,Nose,Velocity (cm/s),15.07634133471168
01Training_rat04,Animal_1,Nose,Distance (cm),382.3212327553039
01Training_rat04,Animal_1,Nose,Velocity (cm/s),21.629596574801827
05Training_rat15,Animal_1,Nose,Distance (cm),1084.7170492620933
05Training_rat15,Animal_1,Nose,Velocity (cm/s),20.859943255040257
04Training_rat13,Animal_1,Nose,Distance (cm),238.31487919869355
04Training_rat13,Animal_1,Nose,Velocity (cm/s),21.835294803354735
Test_rat16,Animal_1,Nose,Distance (cm),1555.5539553157125
Test_rat16,Animal_1,Nose,Velocity (cm/s),17.402670750930472
04Training_rat07,Animal_1,Nose,Distance (cm),392.7620984210332
04Training_rat07,Animal_1,Nose,Velocity (cm/s),20.340442909760306
Test_rat02,Animal_1,Nose,Distance (cm),1778.5823140770867
Test_rat02,Animal_1,Nose,Velocity (cm/s),20.08693108988704
05Training_rat01,Animal_1,Nose,Distance (cm),1976.1745810460554
05Training_rat01,Animal_1,Nose,Velocity (cm/s),10.965844156919133
05Training_rat29,Animal_1,Nose,Distance (cm),2711.5156419381265
05Training_rat29,Animal_1,Nose,Velocity (cm/s),18.08103245307718
05Training_rat05,Animal_1,Nose,Distance (cm),238.8425320162848
05Training_rat05,Animal_1,Nose,Velocity (cm/s),26.538059112920532
Test_rat06,Animal_1,Nose,Distance (cm),1974.2314238344043
Test_rat06,Animal_1,Nose,Velocity (cm/s),22.820743396917116
04Training_rat03,Animal_1,Nose,Distance (cm),939.4234198830909
04Training_rat03,Animal_1,Nose,Velocity (cm/s),11.339755284485648
Test_rat12,Animal_1,Nose,Distance (cm),1681.6365362357199
Test_rat12,Animal_1,Nose,Velocity (cm/s),18.697435636967228
04Training_rat17,Animal_1,Nose,Distance (cm),416.7295561596159
04Training_rat17,Animal_1,Nose,Velocity (cm/s),32.41299084410845
05Training_rat11,Animal_1,Nose,Distance (cm),1356.3577506062807
05Training_rat11,Animal_1,Nose,Velocity (cm/s),19.394157709870733
01Training_rat28,Animal_1,Nose,Distance (cm),524.2226633979499
01Training_rat28,Animal_1,Nose,Velocity (cm/s),13.499218194495342
01Training_rat14,Animal_1,Nose,Distance (cm),676.4326665609625
01Training_rat14,Animal_1,Nose,Velocity (cm/s),16.660654104296427
10Training_rat20,Animal_1,Nose,Distance (cm),520.0086680226508
10Training_rat20,Animal_1,Nose,Velocity (cm/s),37.19048078078243
10Training_rat08,Animal_1,Nose,Distance (cm),167.59557747201887
10Training_rat08,Animal_1,Nose,Velocity (cm/s),12.96348729768072
08Training_rat30,Animal_1,Nose,Distance (cm),413.25175174923845
08Training_rat30,Animal_1,Nose,Velocity (cm/s),21.224390448221595
09Training_rat22,Animal_1,Nose,Distance (cm),146.32763769751307
09Training_rat22,Animal_1,Nose,Velocity (cm/s),14.632763769751307
08Training_rat24,Animal_1,Nose,Distance (cm),371.7704839841989
08Training_rat24,Animal_1,Nose,Velocity (cm/s),20.81817330318691
08Training_rat18,Animal_1,Nose,Distance (cm),1785.6282818368504
08Training_rat18,Animal_1,Nose,Velocity (cm/s),16.535740064715934
08Training_rat19,Animal_1,Nose,Distance (cm),2947.9575863011955
08Training_rat19,Animal_1,Nose,Velocity (cm/s),16.50823532856349
09Training_rat23,Animal_1,Nose,Distance (cm),163.81669253273338
09Training_rat23,Animal_1,Nose,Velocity (cm/s),18.786382594543888
08Training_rat25,Animal_1,Nose,Distance (cm),1809.53632466097
08Training_rat25,Animal_1,Nose,Velocity (cm/s),10.011292948659277
08Training_rat31,Animal_1,Nose,Distance (cm),128.29245813750111
08Training_rat31,Animal_1,Nose,Velocity (cm/s),16.443046347115544
10Training_rat09,Animal_1,Nose,Distance (cm),182.92172678576617
10Training_rat09,Animal_1,Nose,Velocity (cm/s),47.02219844387124
10Training_rat21,Animal_1,Nose,Distance (cm),267.81950001456966
10Training_rat21,Animal_1,Nose,Velocity (cm/s),13.4566162388697
01Training_rat15,Animal_1,Nose,Distance (cm),204.43383183140176
01Training_rat15,Animal_1,Nose,Velocity (cm/s),16.493625266799373
01Training_rat01,Animal_1,Nose,Distance (cm),925.2110065307301
01Training_rat01,Animal_1,Nose,Velocity (cm/s),12.861680305178494
01Training_rat29,Animal_1,Nose,Distance (cm),700.9426474973623
01Training_rat29,Animal_1,Nose,Velocity (cm/s),24.201369411031266
04Training_rat16,Animal_1,Nose,Distance (cm),823.8599744254127
04Training_rat16,Animal_1,Nose,Velocity (cm/s),15.544527819347405
Test_rat13,Animal_1,Nose,Distance (cm),1226.908828678817
Test_rat13,Animal_1,Nose,Velocity (cm/s),13.482514600866123
05Training_rat10,Animal_1,Nose,Distance (cm),612.3731615315797
05Training_rat10,Animal_1,Nose,Velocity (cm/s),22.68048746413258
05Training_rat04,Animal_1,Nose,Distance (cm),26.02008904282902
05Training_rat04,Animal_1,Nose,Velocity (cm/s),4.338470617551293
04Training_rat02,Animal_1,Nose,Distance (cm),225.98260008641296
04Training_rat02,Animal_1,Nose,Velocity (cm/s),23.77910203254744
Test_rat07,Animal_1,Nose,Distance (cm),1658.137880094281
Test_rat07,Animal_1,Nose,Velocity (cm/s),18.497313116019328
05Training_rat12,Animal_1,Nose,Distance (cm),274.15389261861975
05Training_rat12,Animal_1,Nose,Velocity (cm/s),14.42915224308525
Test_rat11,Animal_1,Nose,Distance (cm),1545.2288385701884
Test_rat11,Animal_1,Nose,Velocity (cm/s),17.459575073130367
04Training_rat14,Animal_1,Nose,Distance (cm),361.6299012150624
04Training_rat14,Animal_1,Nose,Velocity (cm/s),19.033152695529598
Test_rat05,Animal_1,Nose,Distance (cm),1734.8147710617527
Test_rat05,Animal_1,Nose,Velocity (cm/s),19.448340896171178
05Training_rat06,Animal_1,Nose,Distance (cm),736.5546109283982
05Training_rat06,Animal_1,Nose,Velocity (cm/s),14.187895239906148
04Training_rat28,Animal_1,Nose,Distance (cm),207.9812806235364
04Training_rat28,Animal_1,Nose,Velocity (cm/s),22.16081026551142
01Training_rat17,Animal_1,Nose,Distance (cm),2.469200924661927
01Training_rat17,Animal_1,Nose,Velocity (cm/s),0.15822147498317807
01Training_rat03,Animal_1,Nose,Distance (cm),1080.0238614584052
01Training_rat03,Animal_1,Nose,Velocity (cm/s),18.313073381351654
10Training_rat23,Animal_1,Nose,Distance (cm),531.598453751803
10Training_rat23,Animal_1,Nose,Velocity (cm/s),17.783390907711496
08Training_rat27,Animal_1,Nose,Distance (cm),265.6525404490195
08Training_rat27,Animal_1,Nose,Velocity (cm/s),37.921430344998996
09Training_rat21,Animal_1,Nose,Distance (cm),1095.0719929140737
09Training_rat21,Animal_1,Nose,Velocity (cm/s),14.656814297244942
09Training_rat09,Animal_1,Nose,Distance (cm),568.2271907627253
09Training_rat09,Animal_1,Nose,Velocity (cm/s),17.931786827838604
09Training_rat08,Animal_1,Nose,Distance (cm),1818.9261526040875
09Training_rat08,Animal_1,Nose,Velocity (cm/s),13.001885845737249
08Training_rat32,Animal_1,Nose,Distance (cm),314.619429686149
08Training_rat32,Animal_1,Nose,Velocity (cm/s),60.704454546330254
08Training_rat26,Animal_1,Nose,Distance (cm),194.38611653316008
08Training_rat26,Animal_1,Nose,Velocity (cm/s),52.0147197385989
09Training_rat20,Animal_1,Nose,Distance (cm),595.1624129129096
09Training_rat20,Animal_1,Nose,Velocity (cm/s),16.09079654880493
10Training_rat22,Animal_1,Nose,Distance (cm),451.6760597163325
10Training_rat22,Animal_1,Nose,Velocity (cm/s),17.528289725948294
01Training_rat02,Animal_1,Nose,Distance (cm),1245.3875766411554
01Training_rat02,Animal_1,Nose,Velocity (cm/s),6.94850242030821
01Training_rat16,Animal_1,Nose,Distance (cm),350.8323360542129
01Training_rat16,Animal_1,Nose,Velocity (cm/s),14.712741065637404
04Training_rat29,Animal_1,Nose,Distance (cm),243.34197658062118
04Training_rat29,Animal_1,Nose,Velocity (cm/s),14.477240981040607
04Training_rat01,Animal_1,Nose,Distance (cm),2540.9908286934983
04Training_rat01,Animal_1,Nose,Velocity (cm/s),14.074889264964984
Test_rat04,Animal_1,Nose,Distance (cm),1613.900203416355
Test_rat04,Animal_1,Nose,Velocity (cm/s),18.029080666111785
05Training_rat07,Animal_1,Nose,Distance (cm),298.3577162856411
05Training_rat07,Animal_1,Nose,Velocity (cm/s),18.12796906772671
05Training_rat13,Animal_1,Nose,Distance (cm),172.40169911347664
05Training_rat13,Animal_1,Nose,Velocity (cm/s),17.240169911347667
04Training_rat15,Animal_1,Nose,Distance (cm),863.3010408020776
04Training_rat15,Animal_1,Nose,Velocity (cm/s),24.665744022916506
Test_rat10,Animal_1,Nose,Distance (cm),1708.173315483583
Test_rat10,Animal_1,Nose,Velocity (cm/s),18.77113533498443
