FEATURE,FEATURE_IMPORTANCE_MEAN,FEATURE_IMPORTANCE_STDEV
Animal_1 Nose to R center distance (mm)_FEATURE_SUBSET,0.06580795552823913,0.11700240539760284
R Animal_1 Nose distance,0.06531828438065847,0.11742756234473807
R Animal_1 Nose in zone,0.04521336843361645,0.10036372497329464
Animal_1 Nose inside circle R (Boolean)_FEATURE_SUBSET,0.04459006859359456,0.10319673210621709
R Animal_1 Ear_right distance,0.04411092121770241,0.09923272187300719
Animal_1 Ear_right to R center distance (mm)_FEATURE_SUBSET,0.0382175547574454,0.09102764480797484
R Animal_1 Ear_left distance,0.03445482199820205,0.0820942976347104
Animal_1 Ear_left to R center distance (mm)_FEATURE_SUBSET,0.034142981023286334,0.08277422399303398
Animal_1 Ear_left inside circle R (Boolean)_FEATURE_SUBSET,0.021361011174570173,0.06895098600326037
Animal_1 Ear_right inside circle R (Boolean)_FEATURE_SUBSET,0.02068794764197701,0.0676049217082288
R Animal_1 Ear_right in zone,0.019044987757567553,0.06380923542426255
R Animal_1 Ear_left in zone,0.018837466283805386,0.06346316246102986
Animal_1 Nose to L center distance (mm)_FEATURE_SUBSET,0.009812152814389428,0.016866203833947088
L Animal_1 Nose distance,0.009424415721464881,0.0172214399532186
R Animal_1 facing,0.008204813617140086,0.019515953182204695
R Animal_1 Tail_base distance,0.008069478754422953,0.01457080303090848
L Animal_1 Ear_right distance,0.007738333518532875,0.016174336189174857
L Animal_1 Ear_left distance,0.007591061960987799,0.015040653157190425
Animal_1 Tail_base to R center distance (mm)_FEATURE_SUBSET,0.0075793329390569306,0.012218320519908671
R Animal_1 Lat_left distance,0.007442413753518347,0.017929688224174643
Animal_1 Ear_right to L center distance (mm)_FEATURE_SUBSET,0.007428603625273174,0.015046074402908526
Animal_1 Ear_left to L center distance (mm)_FEATURE_SUBSET,0.007287018907820802,0.01477654366542464
Animal_1 Lat_left to R center distance (mm)_FEATURE_SUBSET,0.007133947619794744,0.01786401349379762
Animal_1 Lat_right to R center distance (mm)_FEATURE_SUBSET,0.0070604997973224785,0.02067737782606886
R Animal_1 Center distance,0.006876360046917396,0.01794563607092799
Animal_1 Center to R center distance (mm)_FEATURE_SUBSET,0.0064292948350816595,0.01586262996798574
R Animal_1 Lat_right distance,0.0062066203375993,0.018615315725995084
L Animal_1 Lat_left distance,0.0042120166999301215,0.007665909073871935
Animal_1 three-point convex hull perimeter (mm) Ear_left-Ear_right-Nose_FEATURE_SUBSET,0.004202766703147665,0.010785046255650849
Animal_1 Lat_left to L center distance (mm)_FEATURE_SUBSET,0.00410774228349121,0.007153882661313644
R Animal_1 Tail_end distance,0.003808688686494588,0.005750053154613198
Animal_1 Tail_end to R center distance (mm)_FEATURE_SUBSET,0.0037936925365154627,0.005453260633698217
Animal_1 Center to L center distance (mm)_FEATURE_SUBSET,0.0035820778469359553,0.00753410274017912
L Animal_1 Center distance,0.003220037361080194,0.006195255812344624
L Animal_1 Lat_right distance,0.0031520917713012183,0.006491409466421886
Distance (mm) Nose-Ear_left_FEATURE_SUBSET,0.0030766242098467446,0.008508726714036881
Animal_1 Lat_right to L center distance (mm)_FEATURE_SUBSET,0.003075331025910135,0.006703150377361276
Distance (mm) Nose-Ear_right_FEATURE_SUBSET,0.002861001881641055,0.007438567192875562
Animal_1 Tail_base to L center distance (mm)_FEATURE_SUBSET,0.002821423808429072,0.004615074702126256
L Animal_1 Tail_base distance,0.002738229348146724,0.0041279462949003224
L Animal_1 Tail_end distance,0.002723942450481936,0.004175926951217283
Angle (degrees) Nose-Lat_left-Lat_right_FEATURE_SUBSET,0.0027138573118602716,0.011055702157204299
Animal_1 Tail_end to L center distance (mm)_FEATURE_SUBSET,0.002643832960466504,0.0037775759168943864
Angle (degrees) Nose-Lat_left-Tail_base_FEATURE_SUBSET,0.0024119804265320464,0.007434487753093719
Animal_1 four-point convex perimeter (mm) Ear_left-Ear_right-Nose-Lat_right_FEATURE_SUBSET,0.0021620843226566404,0.007819509776246064
Nose_movement_M1_mean_15,0.0020539927762741285,0.004756547191756431
Animal_1 three-point convex hull perimeter (mm) Ear_left-Nose-Lat_right_FEATURE_SUBSET,0.00202837933000833,0.0072682972229591815
Angle (degrees) Nose-Center-Lat_right_FEATURE_SUBSET,0.0019907029618248914,0.007395705402230175
Nose_movement_M1_sum_15,0.0019639033061670977,0.004988948736231952
Animal_1 four-point convex perimeter (mm) Ear_left-Ear_right-Lat_right-Tail_base_FEATURE_SUBSET,0.0017767384485555015,0.004251057287986054
Distance (mm) Nose-Tail_base_FEATURE_SUBSET,0.001774742624899285,0.005234385066560285
Total_movement_M1_mean_15_percentile_rank,0.001767774082625154,0.002006731155786483
Sum_probabilities,0.0017608779753955192,0.006280387246736785
Mouse_nose_to_tail,0.0017290176352910151,0.005153081044362803
Animal_1 three-point convex hull perimeter (mm) Ear_right-Nose-Lat_right_FEATURE_SUBSET,0.001716839079293238,0.005967750018021246
Angle (degrees) Nose-Center-Lat_left_FEATURE_SUBSET,0.001708789260804276,0.005153802050898421
Animal_1 four-point convex perimeter (mm) Ear_left-Nose-Lat_right-Tail_base_FEATURE_SUBSET,0.0017044894063654584,0.0045198265037849645
Nose_movement_M1_sum_7.5,0.0016670288761649675,0.004157696625078931
Nose_movement_M1_median_15,0.001642414916994902,0.0025894258815145916
Animal_1 four-point convex perimeter (mm) Ear_left-Ear_right-Nose-Lat_left_FEATURE_SUBSET,0.001621342263310748,0.004872878999397317
Angle (degrees) Nose-Center-Tail_end_FEATURE_SUBSET,0.0016195013081158577,0.0023738990950952377
Angle (degrees) Ear_left-Center-Tail_end_FEATURE_SUBSET,0.001594614269930387,0.00231052862940275
Animal_1 three-point convex hull perimeter (mm) Ear_left-Lat_right-Tail_base_FEATURE_SUBSET,0.001579953797667201,0.0035967014496701972
Animal_1 three-point convex hull perimeter (mm) Ear_right-Nose-Lat_left_FEATURE_SUBSET,0.0015796951197705284,0.004928951234243654
Distance (mm) Tail_base-Ear_right_FEATURE_SUBSET,0.001544385264713789,0.0034199022217282107
Angle (degrees) Ear_right-Center-Tail_end_FEATURE_SUBSET,0.0015355857559760128,0.0022371262504837807
Distance (mm) Tail_base-Tail_end_FEATURE_SUBSET,0.001531966284043613,0.002535022516946801
Angle (degrees) Center-Lat_left-Tail_end_FEATURE_SUBSET,0.001510999189936811,0.002136266819439242
Animal_1 three-point convex hull perimeter (mm) Ear_left-Ear_right-Tail_base_FEATURE_SUBSET,0.0015065720743190928,0.004105181466475262
Total_angle_deviation,0.0015042598567782766,0.0020511995515524774
Animal_1 three-point convex hull perimeter (mm) Ear_left-Nose-Lat_left_FEATURE_SUBSET,0.001495838471424573,0.005159359206120682
Angle (degrees) Lat_left-Lat_right-Tail_base_FEATURE_SUBSET,0.001476585835534712,0.0025807417928107685
Angle (degrees) Ear_right-Lat_left-Tail_base_FEATURE_SUBSET,0.0014498494054317555,0.0031993064625426824
Animal_1 four-point convex perimeter (mm) Ear_right-Center-Lat_right-Tail_base_FEATURE_SUBSET,0.0014325344839589578,0.002889465813923451
Animal_1 three-point convex hull perimeter (mm) Ear_left-Nose-Tail_base_FEATURE_SUBSET,0.0014222058537115528,0.0038377818343795374
Nose_movement_M1_sum_5,0.0014182085814460675,0.0032661447649188695
Nose_movement_M1_mean_7.5,0.0014137677422627931,0.003616033570975298
Total_movement_M1_mean_7.5_percentile_rank,0.0014115197304100954,0.0017777743542941634
Animal_1 four-point convex perimeter (mm) Ear_left-Ear_right-Center-Lat_right_FEATURE_SUBSET,0.001408661867207755,0.003118887956110225
Nose_movement_M1_mean_6,0.0014001869193599364,0.00311234768073497
Animal_1 four-point convex perimeter (mm) Ear_left-Ear_right-Nose-Tail_base_FEATURE_SUBSET,0.0013907674720955805,0.0035127518302827776
Angle (degrees) Center-Tail_base-Tail_end_FEATURE_SUBSET,0.0013827396751662589,0.001810690276440413
Nose_movement_M1_mean_5,0.0013800966472533635,0.002631478504599605
Animal_1 four-point convex perimeter (mm) Ear_right-Nose-Center-Lat_right_FEATURE_SUBSET,0.0013618979147827228,0.0032451653867922974
Animal_1 three-point convex hull perimeter (mm) Ear_right-Lat_right-Tail_base_FEATURE_SUBSET,0.0013571284692146751,0.0028907910136581672
Sum_probabilities_percentile_rank,0.0013542297881064006,0.0039190806686631025
Animal_1 three-point convex hull perimeter (mm) Ear_right-Center-Lat_right_FEATURE_SUBSET,0.001345801984121606,0.002153936928611247
Angle (degrees) Ear_left-Tail_base-Tail_end_FEATURE_SUBSET,0.00134434985109928,0.0020896571355168547
Animal_1 four-point convex perimeter (mm) Ear_right-Nose-Lat_left-Tail_base_FEATURE_SUBSET,0.0013443356754178897,0.004466161209383733
Distance (mm) Tail_base-Ear_left_FEATURE_SUBSET,0.0013431935890046438,0.003189404523558802
Total_movement_M1_mean_6_percentile_rank,0.0013371344438831425,0.0017892171717871113
Nose_movement_M1_median_7.5,0.0013302690579902498,0.002410034235551009
Distance (mm) Ear_right-Ear_left_FEATURE_SUBSET,0.001321045713811897,0.0018162492338186077
Nose_movement_M1_sum_6,0.0013209680586505437,0.003202423830503548
Animal_1 four-point convex perimeter (mm) Ear_left-Ear_right-Nose-Center_FEATURE_SUBSET,0.0013167290660989655,0.004015948136904389
Angle (degrees) Ear_left-Center-Lat_left_FEATURE_SUBSET,0.001315355377031131,0.0020082008464443286
Angle (degrees) Nose-Lat_right-Tail_base_FEATURE_SUBSET,0.001313159277196639,0.002613798956465899
Angle (degrees) Nose-Tail_base-Tail_end_FEATURE_SUBSET,0.001309185893927369,0.0018188756717192952
Total_movement_M1_mean_5_percentile_rank,0.0013048894441266598,0.0016858566005170709
Angle (degrees) Nose-Lat_left-Tail_end_FEATURE_SUBSET,0.0013001380332219,0.0024550434938699216
Angle (degrees) Lat_left-Tail_base-Tail_end_FEATURE_SUBSET,0.0012923814678569366,0.0016985679233884436
Angle (degrees) Ear_right-Tail_base-Tail_end_FEATURE_SUBSET,0.0012684439663133119,0.0017541795588854887
Angle (degrees) Ear_right-Center-Lat_left_FEATURE_SUBSET,0.0012667130919425983,0.0017656038623088345
Angle (degrees) Ear_left-Lat_left-Tail_end_FEATURE_SUBSET,0.0012664729553409522,0.0018372557688951425
Angle (degrees) Ear_left-Lat_left-Tail_base_FEATURE_SUBSET,0.0012549123561463016,0.0024246274725334073
Angle (degrees) Ear_left-Ear_right-Nose_FEATURE_SUBSET,0.0012509026718243185,0.004399035264882243
Sum_probabilities_deviation,0.0012463761787766937,0.0032962626677562135
Mouse_Ear_distance,0.001242942533900073,0.0016144241829105848
Animal_1 three-point convex hull perimeter (mm) Ear_left-Lat_left-Tail_base_FEATURE_SUBSET,0.0012411783663528152,0.0030684023491680972
Animal_1 three-point convex hull perimeter (mm) Ear_right-Center-Tail_base_FEATURE_SUBSET,0.0012398844913933428,0.00251149658885492
Sum_probabilities_deviation_percentile_rank,0.0012372409727054777,0.002743882022604843
Animal_1 three-point convex hull perimeter (mm) Nose-Lat_right-Tail_base_FEATURE_SUBSET,0.001233039396195715,0.0032909022494454036
Animal_1 four-point convex perimeter (mm) Ear_left-Ear_right-Lat_left-Tail_base_FEATURE_SUBSET,0.001228586273589736,0.0038285094274516786
Animal_1 three-point convex hull perimeter (mm) Ear_right-Nose-Tail_base_FEATURE_SUBSET,0.0012250878034996248,0.003124456797298529
Distance (mm) Lat_right-Tail_base_FEATURE_SUBSET,0.0012236559387554275,0.0020342072673812084
Animal_1 four-point convex perimeter (mm) Ear_left-Ear_right-Center-Tail_base_FEATURE_SUBSET,0.0012205243965962174,0.0034076215107231847
Angle (degrees) Lat_right-Tail_base-Tail_end_FEATURE_SUBSET,0.00121783295706233,0.0015894639396018346
Animal_1 three-point convex hull perimeter (mm) Ear_right-Nose-Center_FEATURE_SUBSET,0.001215889479357106,0.003313227659112831
Angle (degrees) Center-Lat_right-Tail_end_FEATURE_SUBSET,0.001215513867915513,0.001821433376654009
Tail_end_movement_M1_median_15,0.001210011219226542,0.0018791047021616402
Animal_1 three-point convex hull perimeter (mm) Ear_left-Ear_right-Lat_right_FEATURE_SUBSET,0.0012091020501320457,0.0036361407430978245
Mouse_angle,0.001207737410897747,0.0020275256446576433
Animal_1 three-point convex hull perimeter (mm) Nose-Lat_left-Tail_base_FEATURE_SUBSET,0.0012065799207968992,0.0030267284025885534
Animal_1 four-point convex perimeter (mm) Ear_left-Nose-Lat_left-Lat_right_FEATURE_SUBSET,0.0012059433408205553,0.003952158422380222
Angle (degrees) Nose-Lat_right-Tail_end_FEATURE_SUBSET,0.0012021188978388554,0.0019718226589416753
Angle (degrees) Lat_left-Lat_right-Tail_end_FEATURE_SUBSET,0.0012012969168902017,0.0016363215383835403
Angle (degrees) Ear_left-Lat_right-Tail_base_FEATURE_SUBSET,0.0012012228433634124,0.0020205829190646793
Distance (mm) Tail_base-Lat_left_FEATURE_SUBSET,0.0011989361759220456,0.0018963061797529325
Angle (degrees) Ear_left-Nose-Lat_right_FEATURE_SUBSET,0.0011982817195544465,0.00204028445541566
Animal_1 four-point convex perimeter (mm) Nose-Center-Lat_left-Lat_right_FEATURE_SUBSET,0.0011948063622764572,0.003254871770692944
Mouse_Centroid_to_lateral_right,0.0011942533990284816,0.0016714794282409182
Tail_end_movement_M1_mean_15,0.0011924339504426006,0.0018463685941315553
Angle (degrees) Ear_right-Lat_right-Tail_base_FEATURE_SUBSET,0.0011847136109372186,0.0019838246650307288
Distance (mm) Lat_right-Center_FEATURE_SUBSET,0.001184436442786796,0.0018042309554326219
Tail_end_relative_to_tail_base_centroid_nose_M1_15,0.0011815490816600549,0.0032472432862036883
Angle (degrees) Ear_left-Center-Tail_base_FEATURE_SUBSET,0.0011789554690234399,0.0018670983661857286
Animal_1 four-point convex perimeter (mm) Ear_left-Center-Lat_right-Tail_base_FEATURE_SUBSET,0.0011710342040189058,0.002701856061634457
Animal_1 four-point convex perimeter (mm) Nose-Center-Lat_right-Tail_base_FEATURE_SUBSET,0.0011686633209888751,0.003436553384668046
Angle (degrees) Ear_right-Lat_left-Lat_right_FEATURE_SUBSET,0.0011680982473496505,0.003520479967448869
Animal_1 three-point convex hull perimeter (mm) Nose-Center-Lat_right_FEATURE_SUBSET,0.0011654205139043044,0.0024599238844833678
Angle (degrees) Ear_left-Lat_left-Lat_right_FEATURE_SUBSET,0.001164607904218762,0.003683899844149544
Angle (degrees) Center-Lat_right-Tail_base_FEATURE_SUBSET,0.00116426551550399,0.001890596760343153
Angle (degrees) Nose-Center-Tail_base_FEATURE_SUBSET,0.001163828102945697,0.001892205097388208
Animal_1 four-point convex perimeter (mm) Ear_right-Nose-Center-Tail_base_FEATURE_SUBSET,0.0011619577903189667,0.003602077476501739
Animal_1 three-point convex hull perimeter (mm) Ear_left-Ear_right-Center_FEATURE_SUBSET,0.0011600205309357796,0.0034095932695953376
Animal_1 four-point convex perimeter (mm) Ear_right-Nose-Center-Lat_left_FEATURE_SUBSET,0.0011551039868552082,0.0034991052078478784
Mouse1_width_sum_15,0.001140162190445772,0.001292815483536279
Animal_1 three-point convex hull perimeter (mm) Ear_left-Center-Lat_right_FEATURE_SUBSET,0.001138206268444686,0.002263889064098815
Tail_end_movement_M1_sum_15,0.001136793567660936,0.001809027158048705
Mouse1_width_mean_15,0.0011364272155327867,0.001210177981631271
Angle (degrees) Ear_right-Lat_left-Tail_end_FEATURE_SUBSET,0.001124539143894446,0.0016731107229800892
Animal_1 four-point convex perimeter (mm) Ear_left-Nose-Center-Lat_left_FEATURE_SUBSET,0.0011237782283837197,0.00334598393029859
Centroid_movement_M1_mean_15,0.0011236853410365854,0.001175519645614672
Animal_1 four-point convex perimeter (mm) Ear_right-Nose-Lat_right-Tail_base_FEATURE_SUBSET,0.0011206140374629436,0.0026441251247043105
Distance (mm) Lat_right-Nose_FEATURE_SUBSET,0.001118663336792375,0.002340499328214423
Mouse_Nose_to_lateral_left,0.0011169180875584678,0.0029107028546096294
Angle (degrees) Ear_right-Center-Tail_base_FEATURE_SUBSET,0.0011083178046945518,0.0017201153003962208
Animal_1 three-point convex hull perimeter (mm) Nose-Tail_base-Tail_end_FEATURE_SUBSET,0.001107959231487813,0.0027387215444718946
Animal_1 four-point convex perimeter (mm) Ear_left-Nose-Center-Lat_right_FEATURE_SUBSET,0.0011047685724184326,0.002626524812819352
Centroid_movement_M1_sum_15,0.0011032926502849314,0.0012429548919700556
Nose_movement_M1_median_5,0.0011019716181032613,0.002080282779836548
Animal_1 three-point convex hull perimeter (mm) Ear_left-Center-Lat_left_FEATURE_SUBSET,0.0010980089958408643,0.002331194746983209
Nose_movement_M1_median_6,0.001095869789838042,0.0020091879571617227
Angle (degrees) Ear_left-Lat_right-Tail_end_FEATURE_SUBSET,0.0010922199318874597,0.0016338992067127247
Mouse1_width_median_15,0.0010799369919720799,0.0010800498336840496
Animal_1 four-point convex perimeter (mm) Ear_left-Center-Lat_left-Tail_base_FEATURE_SUBSET,0.001077883247715762,0.0026761090063382622
Angle (degrees) Ear_left-Ear_right-Tail_end_FEATURE_SUBSET,0.0010767825176276537,0.0018087251101601008
Animal_1 three-point convex hull perimeter (mm) Ear_left-Center-Tail_base_FEATURE_SUBSET,0.0010765022633878677,0.002809236058960151
Animal_1 four-point convex perimeter (mm) Nose-Center-Lat_left-Tail_base_FEATURE_SUBSET,0.0010764589372479364,0.0031995157904620222
Mouse_Nose_to_lateral_right,0.0010620212034073218,0.0018412755310692524
Angle (degrees) Ear_left-Ear_right-Tail_base_FEATURE_SUBSET,0.0010613644203265114,0.0023445201790722914
Distance (mm) Lat_right-Ear_left_FEATURE_SUBSET,0.0010600594858414395,0.0036818244384713827
Animal_1 four-point convex perimeter (mm) Ear_left-Nose-Lat_left-Tail_base_FEATURE_SUBSET,0.0010554883829406157,0.0031259619690766037
Movement_mouse_deviation_centroid,0.0010513570369855068,0.0018283373070904342
Total_movement_M1_mean_2_percentile_rank,0.0010494615964511008,0.0016368073539504916
Distance (mm) Center-Lat_left_FEATURE_SUBSET,0.0010489048239407295,0.001369862596106641
Distance (mm) Nose-Center_FEATURE_SUBSET,0.001048127193231225,0.002460929332607135
Animal_1 four-point convex perimeter (mm) Nose-Lat_left-Lat_right-Tail_base_FEATURE_SUBSET,0.0010480420599302417,0.0029043033307160075
Animal_1 four-point convex perimeter (mm) Ear_left-Lat_left-Lat_right-Tail_base_FEATURE_SUBSET,0.0010471327683760378,0.0028166328110513584
Distance (mm) Tail_base-Center_FEATURE_SUBSET,0.0010375031753065665,0.0014099805987300765
Nose_movement_M1_median_2,0.001034397317884297,0.002004595365599614
Nose_movement_M1_sum_2,0.0010218416171663823,0.0021344731297722754
Angle (degrees) Ear_right-Lat_right-Tail_end_FEATURE_SUBSET,0.0010212682081569705,0.0016886614696240178
Distance (mm) Nose-Tail_end_FEATURE_SUBSET,0.0010192836630677007,0.0019260775237755427
Centroid_movement_M1_median_15,0.0010175236286258896,0.0012505224396523837
Animal_1 three-point convex hull perimeter (mm) Nose-Center-Lat_left_FEATURE_SUBSET,0.001016939191494272,0.002354376599134337
Angle (degrees) Ear_left-Center-Lat_right_FEATURE_SUBSET,0.001013966737424739,0.002550386909783678
Total_movement_all_bodyparts_deviation,0.0010117297310861862,0.0016828083120240137
Animal_1 four-point convex perimeter (mm) Ear_left-Nose-Center-Tail_base_FEATURE_SUBSET,0.0010113121159596916,0.0029728608555905194
Distance (mm) Nose-Lat_left_FEATURE_SUBSET,0.001009589421984735,0.0022630588007139505
Animal_1 three-point convex hull perimeter (mm) Ear_left-Nose-Center_FEATURE_SUBSET,0.0010091686950885273,0.002591914583480851
Mouse_polygon_deviation,0.0010082782193296409,0.0014868989458869664
Animal_1 four-point convex perimeter (mm) Ear_left-Ear_right-Center-Lat_left_FEATURE_SUBSET,0.0010021307415212552,0.0030043151699508754
Animal_1 three-point convex hull perimeter (mm) Center-Lat_left-Tail_base_FEATURE_SUBSET,0.000994358007988783,0.0013473433385787366
Angle (degrees) Ear_right-Center-Lat_right_FEATURE_SUBSET,0.0009909408791436629,0.002397721659113676
Animal_1 four-point convex perimeter (mm) Ear_right-Nose-Lat_left-Lat_right_FEATURE_SUBSET,0.0009846050462718303,0.002539728931239406
Animal_1 four-point convex perimeter (mm) Ear_left-Center-Lat_left-Lat_right_FEATURE_SUBSET,0.0009831674306751176,0.0023721567299495273
M1_largest_euclid_distances_hull_deviation,0.0009788610329258738,0.0013662371813018426
Animal_1 three-point convex hull perimeter (mm) Nose-Lat_left-Lat_right_FEATURE_SUBSET,0.0009764181076282671,0.002362610528601661
Mouse1_largest_euclid_distances_median_15,0.0009680731608528952,0.0013052600823531364
Animal_1 four-point convex perimeter (mm) Ear_right-Center-Lat_left-Tail_base_FEATURE_SUBSET,0.0009672894845062201,0.002802104028613293
Animal_1 three-point convex hull perimeter (mm) Center-Lat_right-Tail_base_FEATURE_SUBSET,0.0009644814674459066,0.0013002087821034694
Animal_1 three-point convex hull perimeter (mm) Nose-Center-Tail_base_FEATURE_SUBSET,0.0009637018449618973,0.0026440820364890282
Mouse_Centroid_to_lateral_left,0.0009630720558131085,0.0010796158923280419
Animal_1 four-point convex perimeter (mm) Ear_left-Ear_right-Lat_left-Lat_right_FEATURE_SUBSET,0.000959687527394884,0.0028125956763654474
Animal_1 four-point convex perimeter (mm) Ear_right-Lat_left-Lat_right-Tail_base_FEATURE_SUBSET,0.0009524350962411048,0.002394540105104322
Total_movement_M1_mean_15,0.0009518361337642234,0.0013392225710695414
Distance (mm) Center-Ear_left_FEATURE_SUBSET,0.0009450279627060369,0.001589659684568513
Distance (mm) Tail_end-Center_FEATURE_SUBSET,0.0009439200553130378,0.0015430750861078705
Animal_1 three-point convex hull perimeter (mm) Center-Tail_base-Tail_end_FEATURE_SUBSET,0.0009400875060364501,0.0016117236223933066
Animal_1 four-point convex perimeter (mm) Nose-Lat_right-Tail_base-Tail_end_FEATURE_SUBSET,0.0009379969199946046,0.0024520180347735363
Animal_1 three-point convex hull perimeter (mm) Ear_right-Lat_left-Tail_base_FEATURE_SUBSET,0.0009373455814310711,0.002349100200541091
Nose_movement_M1_mean_2,0.0009347593629949312,0.0018051546368171073
Mouse1_smallest_euclid_distances_mean_15,0.0009303512425362079,0.0016623624075612277
Mouse_Nose_to_centroid,0.0009293709030239024,0.0017557284837817664
Tail_end_relative_to_tail_base_centroid_nose_M1_7.5,0.0009250779757412528,0.00283865904035633
Distance (mm) Ear_left-Lat_left_FEATURE_SUBSET,0.0009211470690254459,0.00222012590407433
Angle (degrees) Ear_right-Nose-Tail_end_FEATURE_SUBSET,0.0009188503033992254,0.001357167903571755
Animal_1 three-point convex hull perimeter (mm) Lat_right-Tail_base-Tail_end_FEATURE_SUBSET,0.000913040441826366,0.0015157759547492727
Distance (mm) Center-Ear_right_FEATURE_SUBSET,0.0009056124700095164,0.0016556993244178533
Total_movement_M1_sum_15,0.0009034587670475261,0.0013083194150377182
Angle (degrees) Center-Lat_left-Tail_base_FEATURE_SUBSET,0.0009009445417077354,0.0015011440634380732
Animal_1 three-point convex hull perimeter (mm) Ear_left-Lat_left-Lat_right_FEATURE_SUBSET,0.0008993593994470265,0.0032356551040011406
Animal_1 four-point convex perimeter (mm) Center-Lat_right-Tail_base-Tail_end_FEATURE_SUBSET,0.000893848956143715,0.0017349124185248132
Mouse1_smallest_euclid_distances_mean_15_percentile_rank,0.0008918843716140977,0.0010868590887953716
Angle (degrees) Ear_left-Nose-Center_FEATURE_SUBSET,0.0008910090134937188,0.0011849480199617381
Distance (mm) Tail_end-Lat_left_FEATURE_SUBSET,0.0008867894358688607,0.0012509803441803494
Animal_1 three-point convex hull perimeter (mm) Ear_left-Ear_right-Lat_left_FEATURE_SUBSET,0.0008821346063287846,0.002590965821332838
Mouse1_mean_euclid_distances_median_15,0.0008686790194713422,0.0014656871378348328
Angle (degrees) Ear_right-Nose-Lat_left_FEATURE_SUBSET,0.0008680642840459179,0.001125624006811326
Animal_1 four-point convex perimeter (mm) Ear_right-Center-Lat_left-Lat_right_FEATURE_SUBSET,0.0008625594664219553,0.0013792988994167739
Angle (degrees) Ear_left-Nose-Tail_end_FEATURE_SUBSET,0.0008570623893529401,0.0009847164964439695
Animal_1 four-point convex perimeter (mm) Nose-Lat_left-Tail_base-Tail_end_FEATURE_SUBSET,0.0008554924842312383,0.001910976937486216
Tail_end_movement_M1_median_7.5,0.0008500524884277614,0.0011512030285016838
Mouse1_smallest_euclid_distances_sum_15,0.0008499366923880404,0.0013462931327298821
Tail_base_movement_M1_mean_15,0.0008494723400789588,0.0010258707510565998
Mouse_poly_area,0.0008486681614074341,0.0017791150829696788
Mouse1_smallest_euclid_distances_median_15,0.0008470999020983172,0.001072478060585543
Distance (mm) Lat_right-Ear_right_FEATURE_SUBSET,0.0008455083694280845,0.0016670485358400327
Animal_1 three-point convex hull perimeter (mm) Center-Lat_left-Lat_right_FEATURE_SUBSET,0.0008412938817001411,0.0012163702607263245
Distance (mm) Tail_end-Ear_left_FEATURE_SUBSET,0.000840128948554829,0.0013282023057270777
Animal_1 four-point convex perimeter (mm) Ear_left-Lat_left-Tail_base-Tail_end_FEATURE_SUBSET,0.0008395668705657545,0.0017015287400735774
Total_movement_M1_median_15,0.0008380988110365479,0.0010534740235790226
Mouse1_smallest_euclid_distances_mean_15_deviation,0.0008342895297240817,0.0009253168897022894
Animal_1 three-point convex hull perimeter (mm) Ear_left-Nose-Tail_end_FEATURE_SUBSET,0.0008321909512236273,0.0013526029526906482
Mouse1_width_median_7.5,0.0008281091719902591,0.0010095579409906176
Distance (mm) Lat_right-Tail_end_FEATURE_SUBSET,0.0008264535716631473,0.0012526936734178718
Tail_base_movement_M1_sum_15,0.0008209975623199454,0.0010305047151564304
Tail_base_movement_M1_median_15,0.0008207544896197775,0.0009465151821547565
Animal_1 four-point convex perimeter (mm) Ear_left-Nose-Tail_base-Tail_end_FEATURE_SUBSET,0.0008133602035989511,0.0016794325318839308
M1_largest_euclidean_distance_hull,0.0008068834063707888,0.0017850582375717272
Animal_1 four-point convex perimeter (mm) Center-Lat_left-Tail_base-Tail_end_FEATURE_SUBSET,0.0008056593293192035,0.001177104887708922
Mouse1_width_mean_7.5,0.0008051355389613431,0.0010576549956517124
M1_mean_euclid_distances_hull_deviation,0.000803895032076901,0.0014427636171034273
Animal_1 three-point convex hull perimeter (mm) Ear_right-Nose-Tail_end_FEATURE_SUBSET,0.0008016581844042258,0.0012677503037666338
Mouse1_width_median_6,0.0007973989191126321,0.0009634776525987124
Tail_end_movement_M1_median_6,0.0007970290057533794,0.0011824271545539831
Animal_1 three-point convex hull perimeter (mm) Lat_left-Tail_base-Tail_end_FEATURE_SUBSET,0.000786598167935225,0.001120615636722952
Mouse1_mean_euclid_distances_mean_15,0.0007853091766551363,0.001603958874201964
Animal_1 three-point convex hull perimeter (mm) Nose-Lat_left-Tail_end_FEATURE_SUBSET,0.0007847030281893487,0.0015329101637219847
Animal_1 four-point convex perimeter (mm) Ear_left-Ear_right-Nose-Tail_end_FEATURE_SUBSET,0.00078251669411684,0.0011731649376147848
Animal_1 three-point convex hull perimeter (mm) Lat_left-Lat_right-Tail_base_FEATURE_SUBSET,0.0007822034298629839,0.0011636941955486435
Mouse1_width_median_5,0.000779610120870969,0.0009979227096081707
Animal_1 three-point convex hull perimeter (mm) Ear_right-Center-Lat_left_FEATURE_SUBSET,0.000775911731717938,0.0012431255214123574
Mouse1_mean_euclid_distances_sum_15,0.0007726594311569083,0.0015988483861543122
Animal_1 four-point convex perimeter (mm) Ear_left-Ear_right-Lat_left-Tail_end_FEATURE_SUBSET,0.000772331975245692,0.0016735926800581858
Angle (degrees) Ear_left-Nose-Tail_base_FEATURE_SUBSET,0.0007704331379543356,0.0013413243979937552
Animal_1 four-point convex perimeter (mm) Ear_left-Nose-Lat_left-Tail_end_FEATURE_SUBSET,0.0007632817238072682,0.0014648822373918664
Mouse1_width_sum_7.5,0.0007596052185444694,0.0008800088698534137
Mouse1_largest_euclid_distances_mean_15,0.0007583778134008685,0.0011597923153389396
Mouse1_width_mean_6,0.0007574208257614527,0.0009071885069262087
Animal_1 four-point convex perimeter (mm) Center-Lat_left-Lat_right-Tail_base_FEATURE_SUBSET,0.0007542868822197795,0.0010346139231470009
Tail_end_relative_to_tail_base_centroid_nose_M1_6,0.0007533578610810229,0.0016349268069210622
Tail_end_relative_to_tail_base_centroid_nose_M1_5,0.0007495795578046666,0.0020720369566603267
Mouse1_largest_euclid_distances_median_7.5,0.000746978936178052,0.0014238583719286685
Animal_1 four-point convex perimeter (mm) Lat_left-Lat_right-Tail_base-Tail_end_FEATURE_SUBSET,0.0007443610718259907,0.001758879530393682
Angle (degrees) Ear_right-Nose-Center_FEATURE_SUBSET,0.0007442725494596368,0.0010908440435328816
Animal_1 four-point convex perimeter (mm) Ear_right-Nose-Lat_left-Tail_end_FEATURE_SUBSET,0.0007437302943722392,0.0014145401936217273
Animal_1 four-point convex perimeter (mm) Ear_left-Lat_right-Tail_base-Tail_end_FEATURE_SUBSET,0.000742646657340815,0.0015543594147603996
Animal_1 four-point convex perimeter (mm) Ear_left-Ear_right-Lat_right-Tail_end_FEATURE_SUBSET,0.0007421564411417833,0.0014125362408124523
Mouse1_largest_euclid_distances_mean_15_deviation,0.00074037753555869,0.0011292853418872707
Tail_end_movement_M1_sum_7.5,0.0007390066116471583,0.001278637634207531
Angle (degrees) Ear_right-Nose-Lat_right_FEATURE_SUBSET,0.0007319552558430035,0.000941411746329868
Mouse1_largest_euclid_distances_mean_15_percentile_rank,0.0007267803491933244,0.0010138801212356975
Animal_1 three-point convex hull perimeter (mm) Center-Lat_right-Tail_end_FEATURE_SUBSET,0.0007261837396185178,0.0011337320661505088
Animal_1 three-point convex hull perimeter (mm) Center-Lat_left-Tail_end_FEATURE_SUBSET,0.0007227398298400686,0.000953947624964622
Animal_1 three-point convex hull perimeter (mm) Ear_left-Lat_left-Tail_end_FEATURE_SUBSET,0.0007219654035136633,0.001247643883168445
Mouse1_largest_euclid_distances_sum_15,0.0007178387508173129,0.0010252767734723115
Animal_1 four-point convex perimeter (mm) Nose-Center-Lat_right-Tail_end_FEATURE_SUBSET,0.0007168698772359172,0.001900364608800053
Mouse1_width_sum_6,0.0007133851305700776,0.0008685547112263659
Animal_1 three-point convex hull perimeter (mm) Ear_left-Tail_base-Tail_end_FEATURE_SUBSET,0.0007124181582320722,0.0012834166893047933
Animal_1 four-point convex perimeter (mm) Ear_right-Lat_right-Tail_base-Tail_end_FEATURE_SUBSET,0.0007120250195039803,0.0014664366494706053
Animal_1 four-point convex perimeter (mm) Center-Lat_left-Lat_right-Tail_end_FEATURE_SUBSET,0.000710487585045966,0.0012225004018416052
Animal_1 three-point convex hull perimeter (mm) Ear_left-Ear_right-Tail_end_FEATURE_SUBSET,0.0007099523244025692,0.0010562333615725438
Animal_1 three-point convex hull perimeter (mm) Ear_left-Lat_right-Tail_end_FEATURE_SUBSET,0.0007093800907954988,0.0012398203321685502
Mouse1_largest_euclid_distances_mean_2_percentile_rank,0.0007093377710692178,0.0009711574531311156
Animal_1 three-point convex hull perimeter (mm) Ear_right-Lat_left-Lat_right_FEATURE_SUBSET,0.0007079585777574662,0.0015514679318414629
Animal_1 four-point convex perimeter (mm) Ear_left-Center-Lat_right-Tail_end_FEATURE_SUBSET,0.000706452688997158,0.001299094723248266
Animal_1 four-point convex perimeter (mm) Ear_left-Center-Tail_base-Tail_end_FEATURE_SUBSET,0.000706310822561244,0.0018776183111383251
Mouse1_largest_euclid_distances_mean_2_deviation,0.0007053876956062626,0.0009318645528424991
Animal_1 three-point convex hull perimeter (mm) Nose-Lat_right-Tail_end_FEATURE_SUBSET,0.0007041481559283107,0.001428717707245082
Mouse1_largest_euclid_distances_mean_5_percentile_rank,0.0006942938662596918,0.0011518763505626653
Angle (degrees) Ear_right-Nose-Tail_base_FEATURE_SUBSET,0.0006939897481197708,0.0008119453618521403
Animal_1 four-point convex perimeter (mm) Ear_right-Nose-Lat_right-Tail_end_FEATURE_SUBSET,0.0006932088093225662,0.0011751961637023792
Mouse1_largest_euclid_distances_median_5,0.0006917586364496428,0.0010971538296522573
Tail_end_movement_M1_mean_6,0.00069155249875209,0.0009654577665174733
Centroid_movement_M1_sum_7.5,0.0006913293472421019,0.0008336609771093664
Mouse1_largest_euclid_distances_sum_2,0.0006902685119062493,0.0015927292399237761
Tail_end_movement_M1_mean_7.5,0.000689826960772509,0.0009363786572797098
Animal_1 three-point convex hull perimeter (mm) Ear_left-Center-Tail_end_FEATURE_SUBSET,0.000688222223705436,0.0012400540767241155
Tail_end_movement_M1_median_5,0.0006822480779152641,0.0009489110754942508
Mouse1_largest_euclid_distances_mean_7.5_deviation,0.0006814615963554172,0.0008856696171545441
Distance (mm) Tail_end-Ear_right_FEATURE_SUBSET,0.0006809790892674166,0.0010139601780849588
Animal_1 four-point convex perimeter (mm) Nose-Center-Tail_base-Tail_end_FEATURE_SUBSET,0.0006804191790720847,0.0017854043783056828
Animal_1 three-point convex hull perimeter (mm) Ear_right-Lat_right-Tail_end_FEATURE_SUBSET,0.0006786517766280537,0.001326902253542898
Animal_1 four-point convex perimeter (mm) Ear_right-Center-Lat_left-Tail_end_FEATURE_SUBSET,0.0006771853228982401,0.0012354853492726563
Mouse1_width_mean_5,0.000675180408049742,0.000843422319924219
Mouse1_smallest_euclid_distances_sum_7.5,0.0006742085682649229,0.0012517930403516
Animal_1 four-point convex perimeter (mm) Ear_left-Nose-Lat_right-Tail_end_FEATURE_SUBSET,0.000674036409303424,0.0011836257504213594
Animal_1 four-point convex perimeter (mm) Ear_right-Center-Lat_right-Tail_end_FEATURE_SUBSET,0.000673743427860306,0.0012402646168930666
Animal_1 four-point convex perimeter (mm) Ear_left-Ear_right-Tail_base-Tail_end_FEATURE_SUBSET,0.0006719835694794,0.0014828305849849729
Animal_1 four-point convex perimeter (mm) Ear_right-Nose-Tail_base-Tail_end_FEATURE_SUBSET,0.0006719732752689696,0.0012964291992097015
Animal_1 three-point convex hull perimeter (mm) Ear_right-Tail_base-Tail_end_FEATURE_SUBSET,0.0006715409222083167,0.0013025334464749703
Centroid_movement_M1_mean_7.5,0.0006678710383370107,0.000854937681793788
Mouse1_smallest_euclid_distances_mean_7.5_deviation,0.0006657438330462999,0.0008370418961100975
Mouse1_largest_euclid_distances_mean_7.5_percentile_rank,0.0006629767484301813,0.0009969160012340214
Animal_1 three-point convex hull perimeter (mm) Lat_left-Lat_right-Tail_end_FEATURE_SUBSET,0.0006628755364560104,0.0011091223276413654
Mouse1_width_sum_5,0.0006609212667305838,0.0008575804381545876
Tail_end_movement_M1_sum_6,0.0006597570443901992,0.000907849447764344
Distance (mm) Ear_right-Lat_left_FEATURE_SUBSET,0.0006565861297375571,0.0013446484370238912
Mouse1_smallest_euclid_distances_mean_6,0.0006526970651932883,0.001309528524783839
Animal_1 four-point convex perimeter (mm) Ear_right-Lat_left-Lat_right-Tail_end_FEATURE_SUBSET,0.0006524808563301067,0.0011705649405009673
Mouse1_largest_euclid_distances_median_2,0.0006517960927657024,0.0014334201681595246
Mouse1_largest_euclid_distances_mean_5_deviation,0.000650248434211092,0.0008961677588256376
Animal_1 three-point convex hull perimeter (mm) Ear_right-Lat_left-Tail_end_FEATURE_SUBSET,0.0006501788520569162,0.0011108107481777156
Mouse1_largest_euclid_distances_median_6,0.0006500554067238105,0.001091636744812306
Mouse1_smallest_euclid_distances_sum_6,0.0006498293178938297,0.0012793435541847181
Tail_end_movement_M1_sum_5,0.0006466252263122033,0.0009693840049041075
Angle (degrees) Center-Lat_left-Lat_right_FEATURE_SUBSET,0.0006462317427235027,0.0009439014852891224
Mouse1_largest_euclid_distances_mean_6_deviation,0.0006451295105677944,0.0009755611948054603
Mouse1_smallest_euclid_distances_mean_6_deviation,0.0006428271198258529,0.0008343863349576555
Mouse1_smallest_euclid_distances_mean_6_percentile_rank,0.0006427040014876411,0.0008624081586662348
Angle (degrees) Ear_left-Ear_right-Lat_right_FEATURE_SUBSET,0.0006424144341238362,0.000760439836679399
Mouse1_smallest_euclid_distances_mean_7.5_percentile_rank,0.0006417433186612501,0.0007512044398147966
Mouse1_largest_euclid_distances_mean_6,0.0006406835618201777,0.001234947717609834
R Animal_1 Lat_left in zone,0.0006403696220096169,0.002389134817601945
Mouse1_largest_euclid_distances_mean_6_percentile_rank,0.0006398668636881881,0.0009499530316555553
Mouse1_smallest_euclid_distances_mean_7.5,0.0006387781204428739,0.0008957477805723879
Animal_1 four-point convex perimeter (mm) Ear_right-Lat_left-Tail_base-Tail_end_FEATURE_SUBSET,0.0006361555057084863,0.0011684021029122282
Mouse1_mean_euclid_distances_mean_15_percentile_rank,0.0006358516661996751,0.000736285507036604
Angle (degrees) Ear_left-Ear_right-Center_FEATURE_SUBSET,0.0006346028953925455,0.0007598013021154569
Mouse1_largest_euclid_distances_sum_7.5,0.0006320686708467282,0.0010569397544103552
Animal_1 four-point convex perimeter (mm) Ear_left-Nose-Center-Tail_end_FEATURE_SUBSET,0.0006319064400205836,0.001381257542936012
Mouse1_smallest_euclid_distances_median_7.5,0.0006310986440961693,0.0009003423971263345
Tail_end_movement_M1_mean_5,0.0006294273884426745,0.0009698041212757344
Animal_1 four-point convex perimeter (mm) Ear_left-Center-Lat_left-Tail_end_FEATURE_SUBSET,0.00062915461693515,0.0010319044511827246
Mouse1_smallest_euclid_distances_mean_5_percentile_rank,0.0006254268376344547,0.0007969259527972704
R Animal_1 Lat_right in zone,0.0006252502385899599,0.002961371783210442
Animal_1 four-point convex perimeter (mm) Nose-Center-Lat_left-Tail_end_FEATURE_SUBSET,0.0006187966334607497,0.0012465098749999718
Animal_1 three-point convex hull perimeter (mm) Nose-Center-Tail_end_FEATURE_SUBSET,0.0006181849551641157,0.0012850316422179902
Mouse1_mean_euclid_distances_mean_15_deviation,0.0006181421638281957,0.0007416318827763467
Mouse1_largest_euclid_distances_mean_2,0.0006178344330520559,0.00129545912623516
Animal_1 four-point convex perimeter (mm) Nose-Lat_left-Lat_right-Tail_end_FEATURE_SUBSET,0.0006167943933208423,0.0012859609262293075
Mouse1_smallest_euclid_distances_mean_5_deviation,0.0006126630179060987,0.0008569932801023804
Animal_1 four-point convex perimeter (mm) Ear_left-Lat_left-Lat_right-Tail_end_FEATURE_SUBSET,0.0006115511629176924,0.001323718865544315
Mouse1_largest_euclid_distances_sum_6,0.0006108486051109179,0.0010661648742104413
Mouse1_smallest_euclid_distances_mean_5,0.0006096069334748253,0.0008444764974965766
Centroid_movement_M1_sum_6,0.0006086911474214777,0.0007939119757926062
Angle (degrees) Ear_left-Ear_right-Lat_left_FEATURE_SUBSET,0.0006069842521699249,0.0007676480086424096
Mouse1_largest_euclid_distances_mean_7.5,0.0006068815244176623,0.0009533352424394003
Mouse1_smallest_euclid_distances_sum_5,0.000603817200171146,0.0010328135513283793
Centroid_movement_M1_mean_6,0.0006009435504235441,0.0008205708525869427
Mouse1_smallest_euclid_distances_median_6,0.0006003572888875008,0.0008100226077354268
Animal_1 movement Nose (mm)_FEATURE_SUBSET,0.0006002506298286758,0.00124164472851364
Animal_1 four-point convex perimeter (mm) Ear_left-Ear_right-Center-Tail_end_FEATURE_SUBSET,0.0005993682690521313,0.0010942035486588592
Animal_1 three-point convex hull perimeter (mm) Ear_right-Center-Tail_end_FEATURE_SUBSET,0.0005960382718308137,0.001096135429377952
Distance (mm) Lat_right-Lat_left_FEATURE_SUBSET,0.0005954150952052056,0.0007777253381311903
Mouse1_width_mean_2,0.000594980006639483,0.0007630178670970027
Angle (degrees) Ear_left-Nose-Lat_left_FEATURE_SUBSET,0.0005906159243615809,0.0006673218902656054
Movement_mouse_nose,0.0005894797940755838,0.001058804278512422
M1_sum_euclidean_distance_hull,0.0005867913930457026,0.0013671086991858237
Mouse1_width_sum_2,0.0005863651679301026,0.0008221144077899632
Mouse_width,0.0005847806042180846,0.0007358265100239091
Mouse1_largest_euclid_distances_sum_5,0.0005845741022083621,0.001115288056774496
Mouse1_width_median_2,0.0005843069042545308,0.0007930732298095328
Mouse1_largest_euclid_distances_mean_5,0.0005818294901664954,0.0009742642846631104
Mouse1_mean_euclid_distances_mean_2_percentile_rank,0.0005799511515220801,0.0008657412510501151
Animal_1 four-point convex perimeter (mm) Ear_right-Center-Tail_base-Tail_end_FEATURE_SUBSET,0.0005792287142328586,0.0010087489686055537
Tail_base_movement_M1_sum_7.5,0.0005787687562985046,0.0008331388928784498
Total_movement_M1_sum_7.5,0.0005765859060935888,0.0008592628920923969
Mouse1_mean_euclid_distances_mean_2_deviation,0.0005733274899882773,0.0007933131730611423
Animal_1 four-point convex perimeter (mm) Ear_right-Nose-Center-Tail_end_FEATURE_SUBSET,0.000572550369654784,0.0010809595566964147
Mouse1_mean_euclid_distances_mean_5_percentile_rank,0.0005717317904383123,0.000881574842246506
Animal_1 Lat_left inside circle R (Boolean)_FEATURE_SUBSET,0.0005705522335300685,0.002292466536965635
Mouse1_mean_euclid_distances_mean_5_deviation,0.0005692605751830258,0.0011288029539837023
Total_movement_M1_mean_6,0.0005673830623031476,0.0011196502034118063
Total_movement_M1_median_7.5,0.0005656379737412255,0.000997348428074309
Centroid_movement_M1_median_7.5,0.0005644714167240734,0.000744124347164544
Tail_base_movement_M1_median_7.5,0.0005607376897030383,0.0007025353373203228
Tortuosity_Mouse1_15,0.0005583870970012761,0.0004849198729745001
Total_movement_M1_mean_7.5,0.0005563954526444473,0.0009032728882291335
Tail_base_movement_M1_mean_7.5,0.0005562441917427625,0.0007345912166567266
Animal_1 Lat_right inside circle R (Boolean)_FEATURE_SUBSET,0.000552750495780636,0.002825314104240266
M1_mean_euclidean_distance_hull,0.0005509575677118677,0.0013512476329464707
Mouse1_smallest_euclid_distances_median_5,0.0005507120610682002,0.0006787749897677818
Mouse1_mean_euclid_distances_mean_6_deviation,0.0005500303990557041,0.0008304914721685143
Mouse1_mean_euclid_distances_sum_7.5,0.0005462802734309565,0.0012783157491095688
Centroid_movement_M1_sum_5,0.0005413064312046067,0.0006837520738113207
Total_movement_M1_sum_6,0.0005321448928139644,0.000894647866711406
Mouse1_mean_euclid_distances_median_6,0.000529375566868148,0.001277894356407577
Mouse1_mean_euclid_distances_mean_6_percentile_rank,0.0005277666171902078,0.0007955350627007577
Mouse1_mean_euclid_distances_mean_7.5_percentile_rank,0.0005259489222804123,0.0007487786633996186
Mouse1_mean_euclid_distances_median_7.5,0.0005259077276772536,0.0009257090914198879
Mouse1_mean_euclid_distances_median_5,0.0005240687698972733,0.0011054802406566904
Total_movement_M1_median_6,0.0005231739141709783,0.0008935023878646707
Total_movement_M1_mean_5,0.0005214972262500663,0.0011127942423790184
Centroid_movement_M1_mean_5,0.0005205823036007399,0.0007019936603206206
Mouse1_mean_euclid_distances_mean_7.5_deviation,0.0005187832502232034,0.0007513530243188634
Centroid_movement_M1_median_6,0.0005161696396492067,0.0007629694046048446
Tail_base_movement_M1_sum_6,0.0005153274705704793,0.0007430114401284622
Mouse1_smallest_euclid_distances_sum_2,0.0005109947858892692,0.0008168750839947634
Mouse1_mean_euclid_distances_sum_6,0.0005069615957527537,0.0012157511599664125
Tail_base_movement_M1_mean_6,0.0005052438010154245,0.0007338225620127792
Mouse1_smallest_euclid_distances_mean_2_deviation,0.0005032247916529919,0.0006063220649504784
Total_movement_M1_median_5,0.0005009206927407478,0.0008486676561870456
Tail_base_movement_M1_sum_5,0.0004944227806309208,0.0006803737897577816
Mouse1_smallest_euclid_distances_mean_2_percentile_rank,0.0004928579598014122,0.000631199479997732
Tail_end_relative_to_tail_base_centroid_nose_M1_2,0.0004917152656077195,0.001017725929793548
Total_movement_M1_sum_5,0.0004899259845059733,0.0007728803695945919
Mouse1_mean_euclid_distances_sum_5,0.00048756725630672563,0.0012173253302929167
Tail_base_movement_M1_median_6,0.0004841637174946999,0.0006058143293511121
M1_smallest_euclid_distances_hull_deviation,0.0004810175853322504,0.0005867581274515914
Mouse1_mean_euclid_distances_mean_6,0.00047625319238920157,0.0009147879395223309
Mouse1_smallest_euclid_distances_median_2,0.00047511033790010725,0.0008635930942671497
Tail_base_movement_M1_mean_5,0.00046950012242363793,0.0006944346721193117
Mouse1_mean_euclid_distances_mean_5,0.0004628882590003796,0.000968069908711434
Mouse1_mean_euclid_distances_median_2,0.00046117548057218787,0.0011614941724977458
Mouse1_smallest_euclid_distances_mean_2,0.0004592021245783491,0.000565282407245855
Tail_base_movement_M1_median_5,0.0004567014667845324,0.0005697138285241373
Mouse1_mean_euclid_distances_sum_2,0.0004503025343371883,0.0011396461983169382
Mouse1_mean_euclid_distances_mean_7.5,0.0004485083310034126,0.000780138406263093
M1_smallest_euclidean_distance_hull,0.00044839841709554503,0.0006007727393006323
Centroid_movement_M1_median_5,0.0004413829316423579,0.0005926143384251315
Mouse1_mean_euclid_distances_mean_2,0.00043486166706707897,0.0010165634629240856
Tail_end_movement_M1_median_2,0.0004064561267170529,0.0005196626126911885
Total_movement_M1_sum_2,0.000397830575815048,0.0010254765899619365
Tail_end_movement_M1_sum_2,0.0003966521020900905,0.0005329443128716314
Tail_end_movement_M1_mean_2,0.0003956055866682435,0.0005407712079793855
Total_movement_M1_median_2,0.0003846091026285736,0.0006695011198051596
Total_movement_M1_mean_2,0.0003829708502861332,0.0007485384259910961
Tail_end_relative_to_tail_base_centroid_nose,0.00037746901428053684,0.0006858106876093967
Movement_mouse_left_ear,0.0003679132959421718,0.0005274740645680385
Animal_1 movement Ear_left (mm)_FEATURE_SUBSET,0.0003664349238180975,0.0004426288290247386
Tortuosity_Mouse1_7.5,0.0003565023068306113,0.0003542710756380616
Tail_base_movement_M1_mean_2,0.00035558005611957826,0.0005010826092620122
Movement_mouse_right_ear,0.00035149232362942346,0.0004243291168119311
Animal_1 movement Ear_right (mm)_FEATURE_SUBSET,0.00034504556596499144,0.0003981525841495862
Tail_base_movement_M1_median_2,0.000343436656498368,0.00045304824871069636
Animal_1 movement Tail_end (mm)_FEATURE_SUBSET,0.0003433975959419273,0.0007360645431995112
Tail_base_movement_M1_sum_2,0.00033702290115315055,0.00046814187573662893
Low_prob_detections_0.75,0.00033481878210039103,0.0012905928444176156
Tortuosity_Mouse1_6,0.00032253042659064607,0.00033002155663208055
Movement_mouse_tail_end,0.0003212297440929722,0.0004291236093983314
Centroid_movement_M1_median_2,0.0003103268192027861,0.00041897319963904114
Total_movement_all_bodyparts_M1,0.0003052903762279542,0.0004508962084387488
Centroid_movement_M1_mean_2,0.0003026105709428939,0.00037418495605504227
Tortuosity_Mouse1_5,0.0002967399518762522,0.00031063258724228966
Centroid_movement_M1_sum_2,0.00029198402176057757,0.0003674694523683545
Movement_mouse_tail_base,0.0002723207842561633,0.00030419123285770007
Mouse_polygon_size_change,0.00027019933645214587,0.00028933940365352836
Animal_1 movement Tail_base (mm)_FEATURE_SUBSET,0.000270146286334184,0.00032829546618560015
Animal_1 movement Lat_right (mm)_FEATURE_SUBSET,0.0002564592717274764,0.0002855255020663371
Movement_mouse_lateral_right,0.00025463967714237415,0.000279201909660799
Movement_mouse_lateral_left,0.000252968812233639,0.000309541906251134
Animal_1 movement Lat_left (mm)_FEATURE_SUBSET,0.00024889787972308186,0.00030497322355059394
Low_prob_detections_0.5,0.0002466564391222524,0.0007728261353438818
Tortuosity_Mouse1_2,0.0002458651247933015,0.0002532697866639807
Movement_mouse_deviation_percentile_rank,0.00023930914740798,0.00030314446519005703
Animal_1 movement Center (mm)_FEATURE_SUBSET,0.00023925663964507766,0.0002905396203036752
Movement_mouse_centroid,0.00023915609839566604,0.000281397996489063
Movement_mouse_percentile_rank,0.00023865559607398973,0.00030484393021722633
R Animal_1 Tail_end in zone,0.00020044693784697278,0.0008247387690737027
L Animal_1 facing,0.00019742254301684717,0.000841346340144013
Animal_1 Tail_end inside circle R (Boolean)_FEATURE_SUBSET,0.0001824555583121568,0.0006746571142860473
R Animal_1 Tail_base in zone,0.00011771124992477655,0.0016102451195679779
R Animal_1 Center in zone,0.00010993742082725056,0.0006255527537611282
Animal_1 Center inside circle R (Boolean)_FEATURE_SUBSET,0.00010614983219271158,0.0005619069717003888
L Animal_1 Nose in zone,0.00010519197113138358,0.000919021338302062
Animal_1 Tail_base inside circle R (Boolean)_FEATURE_SUBSET,0.00010229341861259011,0.0011873006914284476
Animal_1 Nose inside circle L (Boolean)_FEATURE_SUBSET,6.114041678159429e-05,0.0005435593212467001
L Animal_1 Tail_end in zone,5.9788790416249465e-05,0.00031203506563968184
Animal_1 Tail_end inside circle L (Boolean)_FEATURE_SUBSET,5.409454263412015e-05,0.0002426155621697472
Animal_1 Tail_base inside circle L (Boolean)_FEATURE_SUBSET,3.675212393686825e-05,0.0004214857587394006
Low_prob_detections_0.1,2.59837807670458e-05,0.00011526650628183861
L Animal_1 Tail_base in zone,2.490369821271613e-05,0.00022975790589852707
L Animal_1 Center in zone,1.760983756915426e-05,0.00018935527373939806
Animal_1 Center inside circle L (Boolean)_FEATURE_SUBSET,1.6409738276065514e-05,0.00016847525771955345
Animal_1 Ear_left inside circle L (Boolean)_FEATURE_SUBSET,1.2467235711656597e-05,0.0004426484172473503
L Animal_1 Ear_right in zone,1.0112566486245015e-05,0.00028700554135575163
Animal_1 Lat_left inside circle L (Boolean)_FEATURE_SUBSET,8.76276949963686e-06,8.161664388279207e-05
Animal_1 Lat_right inside circle L (Boolean)_FEATURE_SUBSET,7.892227120558454e-06,5.0027435131729816e-05
L Animal_1 Ear_left in zone,6.887182389993177e-06,0.00020497258686285696
L Animal_1 Lat_left in zone,6.65865016952769e-06,6.071156841513996e-05
L Animal_1 Lat_right in zone,5.235186464428987e-06,3.630204650074501e-05
Animal_1 Ear_right inside circle L (Boolean)_FEATURE_SUBSET,4.798252494584922e-06,0.0001267405758840672
